Lon,Lat,C_KK10LonLatElev,B_KK10LonLatElev,U_KK10LonLatElev
-10.5000000000,51.5000000000,0.1157856612,0.4529117543,0.4313025846
-10.5000000000,52.5000000000,0.1109652194,0.4647962619,0.4242385187
-10.5000000000,53.5000000000,0.1059021640,0.4777521581,0.4163456779
-10.5000000000,54.5000000000,0.1016973126,0.4635046554,0.4347980319
-9.5000000000,38.5000000000,0.1758146142,0.3608534951,0.4633318907
-9.5000000000,39.5000000000,0.1703576092,0.3693626920,0.4602796988
-9.5000000000,42.5000000000,0.1562659212,0.3906935811,0.4530404976
-9.5000000000,43.5000000000,0.1528958846,0.3928349040,0.4542692114
-9.5000000000,51.5000000000,0.1188553713,0.4486885560,0.4324560727
-9.5000000000,52.5000000000,0.1136756645,0.4696259068,0.4166984287
-9.5000000000,53.5000000000,0.1072415444,0.4822303800,0.4105280756
-9.5000000000,54.5000000000,0.1008676512,0.4643551786,0.4347771701
-8.5000000000,37.5000000000,0.1911551301,0.3333445905,0.4755002794
-8.5000000000,38.5000000000,0.1859666757,0.3437752069,0.4702581174
-8.5000000000,39.5000000000,0.1836072646,0.3487901370,0.4676025984
-8.5000000000,40.5000000000,0.1775835811,0.3580725486,0.4643438704
-8.5000000000,41.5000000000,0.1769026196,0.3602785059,0.4628188745
-8.5000000000,42.5000000000,0.1757645665,0.3609429663,0.4632924672
-8.5000000000,43.5000000000,0.1589607785,0.3797905440,0.4612486774
-8.5000000000,51.5000000000,0.1160424661,0.4450814926,0.4388760412
-8.5000000000,52.5000000000,0.1147528223,0.4584591559,0.4267880217
-8.5000000000,53.5000000000,0.1056317038,0.4710055937,0.4233627024
-8.5000000000,54.5000000000,0.1000656695,0.4606864599,0.4392478706
-8.5000000000,55.5000000000,0.0944401639,0.4486138849,0.4569459511
-7.5000000000,37.5000000000,0.2028242123,0.3122377731,0.4849380146
-7.5000000000,38.5000000000,0.2035157257,0.3155419164,0.4809423578
-7.5000000000,39.5000000000,0.2003882702,0.3244842216,0.4751275083
-7.5000000000,40.5000000000,0.2116240058,0.3130169446,0.4753590496
-7.5000000000,41.5000000000,0.2056177998,0.3218778336,0.4725043666
-7.5000000000,42.5000000000,0.2029090346,0.3227158780,0.4743750873
-7.5000000000,43.5000000000,0.1720385055,0.3557666095,0.4721948850
-7.5000000000,51.5000000000,0.1118446860,0.4344768055,0.4536785086
-7.5000000000,52.5000000000,0.1107928203,0.4390884261,0.4501187536
-7.5000000000,53.5000000000,0.1011737484,0.4597923765,0.4390338751
-7.5000000000,54.5000000000,0.0962683450,0.4625257144,0.4412059405
-7.5000000000,55.5000000000,0.0902539182,0.4553651040,0.4543809777
-7.5000000000,57.5000000000,0.0901926342,0.4029944289,0.5068129369
-7.5000000000,58.5000000000,0.0929691955,0.3933858623,0.5136449422
-7.5000000000,62.5000000000,0.1125286185,0.4313151388,0.4561562427
-6.5000000000,37.5000000000,0.2192791700,0.2826196317,0.4981011983
-6.5000000000,38.5000000000,0.2277360811,0.2787430081,0.4935209107
-6.5000000000,39.5000000000,0.2166839275,0.3003688051,0.4829472674
-6.5000000000,40.5000000000,0.2291128381,0.2934974507,0.4773897112
-6.5000000000,41.5000000000,0.2221177862,0.3006619136,0.4772203002
-6.5000000000,42.5000000000,0.2354862967,0.2799531887,0.4845605146
-6.5000000000,43.5000000000,0.1804273341,0.3401774558,0.4793952101
-6.5000000000,52.5000000000,0.1017615261,0.4654918337,0.4327466402
-6.5000000000,53.5000000000,0.0939072136,0.4833259080,0.4227668784
-6.5000000000,54.5000000000,0.0877835344,0.4893772070,0.4228392586
-6.5000000000,55.5000000000,0.0850362361,0.4812139692,0.4337497947
-6.5000000000,56.5000000000,0.0849955148,0.4397261830,0.4752783022
-6.5000000000,57.5000000000,0.0884628423,0.4163695942,0.4951675635
-6.5000000000,58.5000000000,0.0910979126,0.4037831074,0.5051189800
-6.5000000000,61.5000000000,0.1078617462,0.4270798611,0.4650583928
-6.5000000000,62.5000000000,0.1122333233,0.4352842114,0.4524824652
-5.5000000000,37.5000000000,0.2335468898,0.2499128226,0.5165402876
-5.5000000000,38.5000000000,0.2487146031,0.2415077038,0.5097776932
-5.5000000000,39.5000000000,0.2390325505,0.2622033216,0.4987641279
-5.5000000000,40.5000000000,0.2659016120,0.2444574406,0.4896409473
-5.5000000000,41.5000000000,0.2377452896,0.2770586101,0.4851961003
-5.5000000000,42.5000000000,0.2365630509,0.2771532234,0.4862837258
-5.5000000000,43.5000000000,0.1858808079,0.3313282034,0.4827909887
-5.5000000000,50.5000000000,0.1083010449,0.4040700935,0.4876288616
-5.5000000000,51.5000000000,0.1016104617,0.4405247266,0.4578648116
-5.5000000000,54.5000000000,0.0807140454,0.5257027683,0.3935831862
-5.5000000000,55.5000000000,0.0820581911,0.5114350236,0.4065067853
-5.5000000000,56.5000000000,0.0873662387,0.4821379510,0.4304958103
-5.5000000000,57.5000000000,0.0917231334,0.4542502782,0.4540265885
-5.5000000000,58.5000000000,0.0893332369,0.4492784069,0.4613883563
-4.5000000000,37.5000000000,0.2624548051,0.2018942303,0.5356509646
-4.5000000000,38.5000000000,0.2691759854,0.2020565542,0.5287674604
-4.5000000000,39.5000000000,0.2671826641,0.2156755836,0.5171417523
-4.5000000000,40.5000000000,0.2759757700,0.2206598556,0.5033643744
-4.5000000000,41.5000000000,0.2558072623,0.2496474867,0.4945452510
-4.5000000000,42.5000000000,0.2486712115,0.2618063751,0.4895224134
-4.5000000000,43.5000000000,0.1905897446,0.3251638805,0.4842463749
-4.5000000000,47.5000000000,0.1238411571,0.3471900915,0.5289687513
-4.5000000000,48.5000000000,0.1168237256,0.3446511738,0.5385251006
-4.5000000000,50.5000000000,0.1083270237,0.4025294994,0.4891434769
-4.5000000000,51.5000000000,0.1006751424,0.4437765434,0.4555483142
-4.5000000000,52.5000000000,0.0932379475,0.4958298982,0.4109321543
-4.5000000000,53.5000000000,0.0852474673,0.5353954582,0.3793570745
-4.5000000000,54.5000000000,0.0805259194,0.5484154889,0.3710585917
-4.5000000000,55.5000000000,0.0848348484,0.5284325905,0.3867325611
-4.5000000000,56.5000000000,0.0950678222,0.5043811732,0.4005510046
-4.5000000000,57.5000000000,0.0943036206,0.4908970898,0.4147992896
-4.5000000000,58.5000000000,0.0917193836,0.4842860010,0.4239946153
-3.5000000000,37.5000000000,0.3087440305,0.1458186218,0.5454373478
-3.5000000000,38.5000000000,0.2858083675,0.1688258373,0.5453657951
-3.5000000000,39.5000000000,0.2813581526,0.1837247181,0.5349171293
-3.5000000000,40.5000000000,0.2800888660,0.2011138188,0.5187973152
-3.5000000000,41.5000000000,0.2859771311,0.2118560407,0.5021668282
-3.5000000000,42.5000000000,0.2570214723,0.2522022738,0.4907762539
-3.5000000000,43.5000000000,0.1848574665,0.3315816568,0.4835608767
-3.5000000000,47.5000000000,0.1246797457,0.3572679496,0.5180523047
-3.5000000000,48.5000000000,0.1212321125,0.3565514658,0.5222164216
-3.5000000000,50.5000000000,0.1088314872,0.4233729605,0.4677955523
-3.5000000000,51.5000000000,0.1048084110,0.4594185560,0.4357730330
-3.5000000000,52.5000000000,0.1021157750,0.5027069256,0.3951772995
-3.5000000000,53.5000000000,0.0863114247,0.5633034110,0.3503851643
-3.5000000000,54.5000000000,0.0816650677,0.5769982820,0.3413366503
-3.5000000000,55.5000000000,0.0884257220,0.5459218042,0.3656524738
-3.5000000000,56.5000000000,0.0930280120,0.5186792703,0.3882927176
-3.5000000000,57.5000000000,0.0959039334,0.5044311016,0.3996649650
-3.5000000000,58.5000000000,0.0934815182,0.4982270738,0.4082914080
-3.5000000000,59.5000000000,0.0968877774,0.4783936644,0.4247185582
-2.5000000000,37.5000000000,0.3169914632,0.1189177491,0.5640907876
-2.5000000000,38.5000000000,0.3165712057,0.1271292368,0.5562995575
-2.5000000000,39.5000000000,0.2954272479,0.1529105164,0.5516622357
-2.5000000000,40.5000000000,0.2997918349,0.1681645228,0.5320436423
-2.5000000000,41.5000000000,0.2921177392,0.1947776413,0.5131046195
-2.5000000000,42.5000000000,0.2508785084,0.2537870645,0.4953344271
-2.5000000000,43.5000000000,0.1771508187,0.3414106111,0.4814385702
-2.5000000000,46.5000000000,0.1293500486,0.3748106261,0.4958393253
-2.5000000000,47.5000000000,0.1242622532,0.3727686281,0.5029691187
-2.5000000000,48.5000000000,0.1198808831,0.3814492843,0.4986698326
-2.5000000000,49.5000000000,0.1123199420,0.4172193131,0.4704607450
-2.5000000000,50.5000000000,0.1084936031,0.4586634545,0.4328429424
-2.5000000000,51.5000000000,0.1037395983,0.5011131687,0.3951472330
-2.5000000000,52.5000000000,0.0957907066,0.5541157697,0.3500935237
-2.5000000000,53.5000000000,0.0876052045,0.5992448637,0.3131499318
-2.5000000000,54.5000000000,0.0886985443,0.6008648271,0.3104366286
-2.5000000000,55.5000000000,0.0882420927,0.5824718404,0.3292860669
-2.5000000000,56.5000000000,0.0881158961,0.5617231785,0.3501609254
-2.5000000000,57.5000000000,0.0954511605,0.5280619986,0.3764868409
-2.5000000000,58.5000000000,0.0965354481,0.5073581903,0.3961063616
-1.5000000000,37.5000000000,0.2574803151,0.1364971845,0.6060225004
-1.5000000000,38.5000000000,0.2853179795,0.1291381581,0.5855438625
-1.5000000000,39.5000000000,0.2956628198,0.1359142173,0.5684229629
-1.5000000000,40.5000000000,0.3172748412,0.1413960939,0.5413290649
-1.5000000000,41.5000000000,0.2660258574,0.2063221374,0.5276520052
-1.5000000000,42.5000000000,0.2261562995,0.2728405218,0.5010031787
-1.5000000000,43.5000000000,0.1705501915,0.3479308358,0.4815189727
-1.5000000000,44.5000000000,0.1427643089,0.3886465205,0.4685891706
-1.5000000000,45.5000000000,0.1323598048,0.3936914825,0.4739487126
-1.5000000000,46.5000000000,0.1266535636,0.3882260835,0.4851203530
-1.5000000000,47.5000000000,0.1234168185,0.3851818175,0.4914013640
-1.5000000000,48.5000000000,0.1193290374,0.3991578484,0.4815131142
-1.5000000000,49.5000000000,0.1150819685,0.4366500466,0.4482679849
-1.5000000000,50.5000000000,0.1108240280,0.4851890568,0.4039869152
-1.5000000000,51.5000000000,0.1081339614,0.5228836521,0.3689823865
-1.5000000000,52.5000000000,0.0973885317,0.5808211097,0.3217903587
-1.5000000000,53.5000000000,0.0901119088,0.6187473922,0.2911406990
-1.5000000000,54.5000000000,0.0851073855,0.6337987316,0.2810938829
-1.5000000000,55.5000000000,0.0850731148,0.6157532453,0.2991736399
-1.5000000000,57.5000000000,0.0961445391,0.5462478158,0.3576076452
-1.5000000000,59.5000000000,0.1066257790,0.4842246902,0.4091495308
-1.5000000000,60.5000000000,0.1120148380,0.4603481771,0.4276369849
-0.5000000000,37.5000000000,0.2451677957,0.1448220379,0.6100101665
-0.5000000000,38.5000000000,0.2633732353,0.1388553446,0.5977714201
-0.5000000000,39.5000000000,0.2574610475,0.1535593312,0.5889796213
-0.5000000000,40.5000000000,0.2946693172,0.1497941382,0.5555365447
-0.5000000000,41.5000000000,0.2393178491,0.2256907687,0.5349913822
-0.5000000000,42.5000000000,0.2496443747,0.2498922083,0.5004634170
-0.5000000000,43.5000000000,0.1634155071,0.3719467631,0.4646377298
-0.5000000000,44.5000000000,0.1374899309,0.4105498870,0.4519601822
-0.5000000000,45.5000000000,0.1275093076,0.4148699814,0.4576207110
-0.5000000000,46.5000000000,0.1257719817,0.3993918576,0.4748361607
-0.5000000000,47.5000000000,0.1206105140,0.3948190369,0.4845704491
-0.5000000000,48.5000000000,0.1218131770,0.3953915154,0.4827953076
-0.5000000000,49.5000000000,0.1157144370,0.4392342977,0.4450512653
-0.5000000000,50.5000000000,0.1132403111,0.4880007054,0.3987589836
-0.5000000000,51.5000000000,0.1114567872,0.5311359446,0.3574072683
-0.5000000000,52.5000000000,0.0995947322,0.5965990858,0.3038061820
-0.5000000000,53.5000000000,0.0892780036,0.6389513917,0.2717706046
-0.5000000000,54.5000000000,0.0876411334,0.6391774137,0.2731814529
-0.5000000000,60.5000000000,0.1165246987,0.4714515485,0.4120237528
0.5000000000,38.5000000000,0.2420076887,0.1667573203,0.5912349910
0.5000000000,40.5000000000,0.2303805619,0.2137322992,0.5558871389
0.5000000000,41.5000000000,0.2175323669,0.2573917454,0.5250758877
0.5000000000,42.5000000000,0.2476054045,0.2548723902,0.4975222053
0.5000000000,43.5000000000,0.1553651572,0.3918687383,0.4527661044
0.5000000000,44.5000000000,0.1318050316,0.4347995358,0.4333954326
0.5000000000,45.5000000000,0.1277803648,0.4311627139,0.4410569213
0.5000000000,46.5000000000,0.1245748997,0.4148252739,0.4605998264
0.5000000000,47.5000000000,0.1220808612,0.3965424473,0.4813766914
0.5000000000,48.5000000000,0.1255277412,0.3819577985,0.4925144603
0.5000000000,49.5000000000,0.1214252038,0.4232275420,0.4553472542
0.5000000000,50.5000000000,0.1161580903,0.4832293491,0.4006125606
0.5000000000,51.5000000000,0.1138083525,0.5371623086,0.3490293388
0.5000000000,52.5000000000,0.1034913058,0.5997003084,0.2968083858
0.5000000000,53.5000000000,0.0964197526,0.6279971155,0.2755831319
1.5000000000,38.5000000000,0.2405552131,0.1906449741,0.5687998128
1.5000000000,39.5000000000,0.2283640099,0.2150510584,0.5565849317
1.5000000000,41.5000000000,0.2070360547,0.2840348505,0.5089290948
1.5000000000,42.5000000000,0.2379326761,0.2721249255,0.4899423984
1.5000000000,43.5000000000,0.1461937622,0.4196617836,0.4341444543
1.5000000000,44.5000000000,0.1322492672,0.4547198955,0.4130308373
1.5000000000,45.5000000000,0.1346939013,0.4434635863,0.4218425123
1.5000000000,46.5000000000,0.1304635882,0.4284683612,0.4410680506
1.5000000000,47.5000000000,0.1271604907,0.4003335660,0.4725059433
1.5000000000,48.5000000000,0.1289970962,0.3681369255,0.5028659783
1.5000000000,49.5000000000,0.1265726389,0.4040690299,0.4693583312
1.5000000000,50.5000000000,0.1205802408,0.4676212288,0.4117985304
1.5000000000,51.5000000000,0.1162683844,0.5273785909,0.3563530247
1.5000000000,52.5000000000,0.1107448085,0.5743569617,0.3148982299
2.5000000000,39.5000000000,0.2296455457,0.2422199658,0.5281344885
2.5000000000,41.5000000000,0.1949200490,0.3264151707,0.4786647803
2.5000000000,42.5000000000,0.2004350445,0.3415719358,0.4579930197
2.5000000000,43.5000000000,0.1573216564,0.4270335831,0.4156447605
2.5000000000,44.5000000000,0.1520728900,0.4527681106,0.3951589994
2.5000000000,45.5000000000,0.1569989523,0.4423627484,0.4006382994
2.5000000000,46.5000000000,0.1380938818,0.4541824354,0.4077236828
2.5000000000,47.5000000000,0.1353478648,0.4286836265,0.4359685088
2.5000000000,48.5000000000,0.1321375986,0.4055051707,0.4623572307
2.5000000000,49.5000000000,0.1284415765,0.4192024341,0.4523559894
2.5000000000,50.5000000000,0.1274413490,0.4609425172,0.4116161338
2.5000000000,51.5000000000,0.1224517243,0.5116700468,0.3658782289
3.5000000000,39.5000000000,0.2289229977,0.2716569489,0.4994200533
3.5000000000,40.5000000000,0.2114603442,0.3109094018,0.4776302540
3.5000000000,41.5000000000,0.1928625756,0.3598087289,0.4473286955
3.5000000000,42.5000000000,0.1718205130,0.4148925601,0.4132869270
3.5000000000,43.5000000000,0.1604112025,0.4538124818,0.3857763157
3.5000000000,44.5000000000,0.1891731820,0.4256438538,0.3851829643
3.5000000000,45.5000000000,0.1695731002,0.4570225734,0.3734043264
3.5000000000,46.5000000000,0.1484648736,0.4780956428,0.3734394836
3.5000000000,47.5000000000,0.1493666977,0.4573146524,0.3933186499
3.5000000000,48.5000000000,0.1432417991,0.4402298573,0.4165283436
3.5000000000,49.5000000000,0.1386503540,0.4435684239,0.4177812221
3.5000000000,50.5000000000,0.1345046870,0.4691379529,0.3963573601
3.5000000000,51.5000000000,0.1304617811,0.5018547482,0.3676834708
4.5000000000,39.5000000000,0.2336293440,0.2950124838,0.4713581722
4.5000000000,40.5000000000,0.2214310316,0.3294685286,0.4491004398
4.5000000000,43.5000000000,0.1748552384,0.4601939541,0.3649508076
4.5000000000,44.5000000000,0.1833512018,0.4616870208,0.3549617774
4.5000000000,45.5000000000,0.1817776779,0.4683590402,0.3498632819
4.5000000000,46.5000000000,0.1668921774,0.4809072703,0.3522005524
4.5000000000,47.5000000000,0.1682010358,0.4628965898,0.3689023744
4.5000000000,48.5000000000,0.1543676234,0.4652246335,0.3804077431
4.5000000000,49.5000000000,0.1526452385,0.4584878668,0.3888668947
4.5000000000,50.5000000000,0.1490087190,0.4694718928,0.3815193883
4.5000000000,51.5000000000,0.1408054553,0.4971394244,0.3620551203
4.5000000000,52.5000000000,0.1400976983,0.5120228491,0.3478794526
4.5000000000,53.5000000000,0.1402291389,0.5219034982,0.3378673629
4.5000000000,60.5000000000,0.1582254085,0.4740784364,0.3676961551
4.5000000000,61.5000000000,0.1625745696,0.4688458437,0.3685795867
5.5000000000,43.5000000000,0.2216202203,0.4200906535,0.3582891263
5.5000000000,44.5000000000,0.2538817378,0.3906973553,0.3554209069
5.5000000000,45.5000000000,0.2116533225,0.4513466206,0.3370000569
5.5000000000,46.5000000000,0.1929699541,0.4679493477,0.3390806982
5.5000000000,47.5000000000,0.1763570303,0.4783421584,0.3453008114
5.5000000000,48.5000000000,0.1754272253,0.4637977410,0.3607750336
5.5000000000,49.5000000000,0.1724776573,0.4575831654,0.3699391774
5.5000000000,50.5000000000,0.1661723666,0.4662420530,0.3675855804
5.5000000000,51.5000000000,0.1529116365,0.4922450606,0.3548433029
5.5000000000,52.5000000000,0.1521170378,0.5005067085,0.3473762537
5.5000000000,53.5000000000,0.1525617005,0.5052920064,0.3421462931
5.5000000000,58.5000000000,0.1662391730,0.4697434235,0.3640174035
5.5000000000,59.5000000000,0.1726112950,0.4611458949,0.3662428100
5.5000000000,60.5000000000,0.1862901132,0.4462279253,0.3674819615
5.5000000000,61.5000000000,0.1945673887,0.4350071536,0.3704254577
5.5000000000,62.5000000000,0.1774847890,0.4592935873,0.3632216237
6.5000000000,37.5000000000,0.2529387275,0.2893536443,0.4577076282
6.5000000000,43.5000000000,0.2707713697,0.3807537958,0.3484748345
6.5000000000,44.5000000000,0.3733211934,0.2789527555,0.3477260511
6.5000000000,45.5000000000,0.3406723792,0.3122466921,0.3470809287
6.5000000000,46.5000000000,0.2465189268,0.4108317278,0.3426493454
6.5000000000,47.5000000000,0.2088352446,0.4548587211,0.3363060343
6.5000000000,48.5000000000,0.1901819504,0.4627895965,0.3470284532
6.5000000000,49.5000000000,0.1838507220,0.4606695673,0.3554797108
6.5000000000,50.5000000000,0.1857852664,0.4536984875,0.3605162461
6.5000000000,51.5000000000,0.1657004481,0.4855428836,0.3487566683
6.5000000000,52.5000000000,0.1639183600,0.4913485723,0.3447330677
6.5000000000,53.5000000000,0.1642906829,0.4922530708,0.3434562462
6.5000000000,58.5000000000,0.1991524483,0.4299681554,0.3708793962
6.5000000000,59.5000000000,0.2308186551,0.3924910004,0.3766903445
6.5000000000,60.5000000000,0.2421442149,0.3854037082,0.3724520769
6.5000000000,61.5000000000,0.2372062583,0.3930889449,0.3697047968
6.5000000000,62.5000000000,0.2033357490,0.4359225520,0.3607416990
7.5000000000,37.5000000000,0.2536559393,0.2971778026,0.4491662581
7.5000000000,43.5000000000,0.2819915448,0.3873847010,0.3306237543
7.5000000000,44.5000000000,0.3419648502,0.3218754942,0.3361596556
7.5000000000,45.5000000000,0.3656784999,0.2945679187,0.3397535814
7.5000000000,46.5000000000,0.3294500598,0.3223548968,0.3481950433
7.5000000000,47.5000000000,0.2265437460,0.4351877296,0.3382685244
7.5000000000,48.5000000000,0.2022338666,0.4541421621,0.3436239713
7.5000000000,49.5000000000,0.2003283711,0.4481877929,0.3514838360
7.5000000000,50.5000000000,0.1931454018,0.4539131030,0.3529414951
7.5000000000,51.5000000000,0.1846257707,0.4662795480,0.3490946814
7.5000000000,52.5000000000,0.1770222210,0.4805910027,0.3423867763
7.5000000000,53.5000000000,0.1766954163,0.4822632320,0.3410413516
7.5000000000,58.5000000000,0.2220075150,0.4106687323,0.3673237527
7.5000000000,59.5000000000,0.2756300804,0.3583929622,0.3659769575
7.5000000000,60.5000000000,0.2996217826,0.3357213267,0.3646568908
7.5000000000,61.5000000000,0.2824732622,0.3541798394,0.3633468984
7.5000000000,62.5000000000,0.2467754126,0.3905322816,0.3626923057
7.5000000000,63.5000000000,0.1958373639,0.4495154329,0.3546472033
8.5000000000,37.5000000000,0.2513076826,0.3006242539,0.4480680635
8.5000000000,38.5000000000,0.2528995105,0.3139677878,0.4331327017
8.5000000000,39.5000000000,0.2662991329,0.3227468492,0.4109540178
8.5000000000,40.5000000000,0.2815052012,0.3358196219,0.3826751768
8.5000000000,41.5000000000,0.2826405168,0.3647349293,0.3526245539
8.5000000000,42.5000000000,0.3066517497,0.3635192771,0.3298289732
8.5000000000,43.5000000000,0.3025585218,0.3824731116,0.3149683666
8.5000000000,44.5000000000,0.3151417148,0.3675371698,0.3173211153
8.5000000000,45.5000000000,0.2938723774,0.3788437171,0.3272839055
8.5000000000,46.5000000000,0.3756404361,0.2807815752,0.3435779887
8.5000000000,47.5000000000,0.2564846780,0.4011822880,0.3423330341
8.5000000000,48.5000000000,0.2349232114,0.4135017478,0.3515750409
8.5000000000,49.5000000000,0.2029794902,0.4479589536,0.3490615562
8.5000000000,50.5000000000,0.2059828227,0.4427274559,0.3512897215
8.5000000000,51.5000000000,0.2043581859,0.4472180060,0.3484238082
8.5000000000,52.5000000000,0.1906055665,0.4712525263,0.3381419072
8.5000000000,53.5000000000,0.1884718452,0.4745458243,0.3369823305
8.5000000000,54.5000000000,0.1907410345,0.4648753489,0.3443836166
8.5000000000,55.5000000000,0.1899524950,0.4593426096,0.3507048954
8.5000000000,56.5000000000,0.1901643197,0.4540803630,0.3557553173
8.5000000000,57.5000000000,0.1946019464,0.4517548948,0.3536431588
8.5000000000,58.5000000000,0.2163264125,0.4318910053,0.3517825822
8.5000000000,59.5000000000,0.2662135677,0.3826088683,0.3511775640
8.5000000000,60.5000000000,0.3030220173,0.3477849671,0.3491930156
8.5000000000,61.5000000000,0.3261393880,0.3243767716,0.3494838404
8.5000000000,62.5000000000,0.2858962158,0.3563114500,0.3577923342
8.5000000000,63.5000000000,0.2129088304,0.4348003302,0.3522908394
9.5000000000,37.5000000000,0.2474368285,0.2975944642,0.4549687073
9.5000000000,39.5000000000,0.2720601155,0.3158020366,0.4121378480
9.5000000000,40.5000000000,0.2941562790,0.3258183363,0.3800253846
9.5000000000,41.5000000000,0.2985556804,0.3576595923,0.3437847273
9.5000000000,42.5000000000,0.3342047059,0.3484231732,0.3173721209
9.5000000000,44.5000000000,0.3720058706,0.3244629149,0.3035312145
9.5000000000,45.5000000000,0.3232600218,0.3552295204,0.3215104578
9.5000000000,46.5000000000,0.4151036569,0.2456002112,0.3392961319
9.5000000000,47.5000000000,0.2926387353,0.3551957503,0.3521655144
9.5000000000,48.5000000000,0.2544068400,0.3867222432,0.3588709168
9.5000000000,49.5000000000,0.2281616655,0.4137643851,0.3580739494
9.5000000000,50.5000000000,0.2240620236,0.4208698690,0.3550681074
9.5000000000,51.5000000000,0.2145391454,0.4401600278,0.3453008269
9.5000000000,52.5000000000,0.2025289894,0.4618556404,0.3356153702
9.5000000000,53.5000000000,0.2007016143,0.4641586515,0.3351397342
9.5000000000,54.5000000000,0.2015861068,0.4574090140,0.3410048793
9.5000000000,55.5000000000,0.2006903696,0.4509118461,0.3483977843
9.5000000000,56.5000000000,0.1998682258,0.4466911749,0.3534405993
9.5000000000,57.5000000000,0.2034865046,0.4491513263,0.3473621691
9.5000000000,58.5000000000,0.2136059151,0.4470374861,0.3393565988
9.5000000000,59.5000000000,0.2481689162,0.4166418202,0.3351892636
9.5000000000,60.5000000000,0.2864851863,0.3795375952,0.3339772185
9.5000000000,61.5000000000,0.3141295662,0.3482219836,0.3376484502
9.5000000000,62.5000000000,0.3036309875,0.3404483257,0.3559206868
9.5000000000,63.5000000000,0.2244944898,0.4243933360,0.3511121742
10.5000000000,37.5000000000,0.2375888940,0.2918598220,0.4705512840
10.5000000000,42.5000000000,0.3114035364,0.3755447092,0.3130517544
10.5000000000,43.5000000000,0.3631263458,0.3407210531,0.2961526011
10.5000000000,44.5000000000,0.4024071907,0.3018061170,0.2957866923
10.5000000000,45.5000000000,0.3540206263,0.3191038988,0.3268754750
10.5000000000,46.5000000000,0.4618612982,0.1972079233,0.3409307785
10.5000000000,47.5000000000,0.3549584879,0.2770000984,0.3680414137
10.5000000000,48.5000000000,0.2724582000,0.3536655148,0.3738762852
10.5000000000,49.5000000000,0.2496561378,0.3791757525,0.3711681096
10.5000000000,50.5000000000,0.2434933042,0.3930146371,0.3634920588
10.5000000000,51.5000000000,0.2310731811,0.4237272119,0.3451996070
10.5000000000,52.5000000000,0.2153076891,0.4544003687,0.3302919421
10.5000000000,53.5000000000,0.2123490188,0.4579626320,0.3296883492
10.5000000000,54.5000000000,0.2107100915,0.4553878036,0.3339021049
10.5000000000,55.5000000000,0.2085064486,0.4511823375,0.3403112140
10.5000000000,56.5000000000,0.2078130231,0.4500915110,0.3420954659
10.5000000000,57.5000000000,0.2126220049,0.4507019257,0.3366760694
10.5000000000,59.5000000000,0.2411567086,0.4368300936,0.3220131978
10.5000000000,60.5000000000,0.2722813521,0.4039429041,0.3237757438
10.5000000000,61.5000000000,0.3078075881,0.3583383459,0.3338540661
10.5000000000,62.5000000000,0.2911405355,0.3545429276,0.3543165369
10.5000000000,63.5000000000,0.2383788090,0.4111955356,0.3504256555
10.5000000000,64.5000000000,0.2191035573,0.4323942964,0.3485021463
11.5000000000,42.5000000000,0.2908276828,0.3796133011,0.3295590161
11.5000000000,43.5000000000,0.3509226187,0.3299430589,0.3191343224
11.5000000000,44.5000000000,0.3456345986,0.3319277320,0.3224376694
11.5000000000,45.5000000000,0.3368103271,0.3184618031,0.3447278698
11.5000000000,46.5000000000,0.4139246331,0.2229769569,0.3630984100
11.5000000000,47.5000000000,0.3643713477,0.2513783827,0.3842502696
11.5000000000,48.5000000000,0.2852473873,0.3220784172,0.3926741955
11.5000000000,49.5000000000,0.2744669273,0.3370833898,0.3884496829
11.5000000000,50.5000000000,0.2669300985,0.3595211047,0.3735487968
11.5000000000,51.5000000000,0.2403710570,0.4149457879,0.3446831551
11.5000000000,52.5000000000,0.2302619332,0.4459312754,0.3238067914
11.5000000000,53.5000000000,0.2261829252,0.4519601178,0.3218569570
11.5000000000,54.5000000000,0.2216421828,0.4532413398,0.3251164774
11.5000000000,55.5000000000,0.2180850228,0.4498353754,0.3320796018
11.5000000000,57.5000000000,0.2221818249,0.4507124296,0.3271057455
11.5000000000,58.5000000000,0.2374039053,0.4426136905,0.3199824042
11.5000000000,59.5000000000,0.2572433873,0.4268621625,0.3158944502
11.5000000000,60.5000000000,0.2758939388,0.4082818204,0.3158242408
11.5000000000,61.5000000000,0.3059092961,0.3683227469,0.3257679570
11.5000000000,62.5000000000,0.3122450037,0.3467992776,0.3409557187
11.5000000000,63.5000000000,0.2694548101,0.3874253669,0.3431198230
11.5000000000,64.5000000000,0.2365854208,0.4203926979,0.3430218813
11.5000000000,65.5000000000,0.2149170192,0.4448011861,0.3402817946
12.5000000000,37.5000000000,0.2273240168,0.2644058722,0.5082701110
12.5000000000,38.5000000000,0.2327786422,0.2941168561,0.4731045016
12.5000000000,41.5000000000,0.2464089914,0.3884614832,0.3651295255
12.5000000000,42.5000000000,0.2883894846,0.3519922751,0.3596182403
12.5000000000,43.5000000000,0.3221181760,0.3275121001,0.3503697240
12.5000000000,44.5000000000,0.3007125781,0.3485714709,0.3507159511
12.5000000000,45.5000000000,0.2953526593,0.3369469018,0.3677004389
12.5000000000,46.5000000000,0.3948627231,0.2209742466,0.3841630302
12.5000000000,47.5000000000,0.3698670792,0.2277313890,0.4024015318
12.5000000000,48.5000000000,0.2908573217,0.2958708082,0.4132718701
12.5000000000,49.5000000000,0.2942914041,0.2981308845,0.4075777114
12.5000000000,50.5000000000,0.2865292212,0.3236358772,0.3898349016
12.5000000000,51.5000000000,0.2540026787,0.3923156620,0.3536816593
12.5000000000,52.5000000000,0.2446537406,0.4310935470,0.3242527123
12.5000000000,53.5000000000,0.2417332075,0.4454795155,0.3127872770
12.5000000000,54.5000000000,0.2350048772,0.4483361228,0.3166590000
12.5000000000,55.5000000000,0.2297976752,0.4473294765,0.3228728483
12.5000000000,56.5000000000,0.2275574995,0.4445337952,0.3279087053
12.5000000000,57.5000000000,0.2459305718,0.4338025353,0.3202668929
12.5000000000,58.5000000000,0.2584519723,0.4300469716,0.3115010561
12.5000000000,59.5000000000,0.2755712872,0.4168450439,0.3075836689
12.5000000000,60.5000000000,0.2984268986,0.3936558562,0.3079172451
12.5000000000,61.5000000000,0.3260636204,0.3582205544,0.3157158252
12.5000000000,62.5000000000,0.3404744394,0.3337423486,0.3257832120
12.5000000000,63.5000000000,0.3141975421,0.3548586102,0.3309438478
12.5000000000,64.5000000000,0.2730167027,0.3916819910,0.3353013063
12.5000000000,65.5000000000,0.2411217861,0.4218946207,0.3369835932
12.5000000000,66.5000000000,0.2101109430,0.4577487433,0.3321403137
12.5000000000,67.5000000000,0.1963403626,0.4747347683,0.3289248691
13.5000000000,37.5000000000,0.2594322175,0.2514153760,0.4891524065
13.5000000000,38.5000000000,0.2438004490,0.2935717246,0.4626278264
13.5000000000,41.5000000000,0.2813831189,0.3300865632,0.3885303179
13.5000000000,42.5000000000,0.3208496615,0.2963727174,0.3827776211
13.5000000000,43.5000000000,0.2778963062,0.3466177910,0.3754859028
13.5000000000,44.5000000000,0.2787941393,0.3413170636,0.3798887971
13.5000000000,45.5000000000,0.2864113656,0.3190511007,0.3945375337
13.5000000000,46.5000000000,0.3530174799,0.2350389082,0.4119436119
13.5000000000,47.5000000000,0.3607707220,0.2146233297,0.4246059483
13.5000000000,48.5000000000,0.2974852361,0.2639907940,0.4385239699
13.5000000000,49.5000000000,0.2983115913,0.2683331878,0.4333552209
13.5000000000,50.5000000000,0.2932419751,0.2980009245,0.4087571005
13.5000000000,51.5000000000,0.2678967739,0.3680446457,0.3640585804
13.5000000000,52.5000000000,0.2588591591,0.4147990561,0.3263417848
13.5000000000,53.5000000000,0.2545091445,0.4382524156,0.3072384399
13.5000000000,54.5000000000,0.2423941030,0.4523673929,0.3052385041
13.5000000000,55.5000000000,0.2473394776,0.4379578905,0.3147026319
13.5000000000,56.5000000000,0.2566545947,0.4191064299,0.3242389754
13.5000000000,57.5000000000,0.2780240119,0.4084221627,0.3135538254
13.5000000000,58.5000000000,0.2852409607,0.4137928720,0.3009661673
13.5000000000,59.5000000000,0.2943335644,0.4077417286,0.2979247070
13.5000000000,60.5000000000,0.3196319978,0.3806851214,0.2996828809
13.5000000000,61.5000000000,0.3373153157,0.3570917271,0.3055929572
13.5000000000,62.5000000000,0.3428799636,0.3445854968,0.3125345397
13.5000000000,63.5000000000,0.3243829677,0.3577159784,0.3179010539
13.5000000000,64.5000000000,0.3027608503,0.3714823911,0.3257567586
13.5000000000,65.5000000000,0.2776608156,0.3896486528,0.3326905316
13.5000000000,66.5000000000,0.2352769258,0.4331278341,0.3315952401
13.5000000000,67.5000000000,0.1979757363,0.4798952949,0.3221289688
13.5000000000,68.5000000000,0.1857680661,0.4930348058,0.3211971281
14.5000000000,37.5000000000,0.2954052214,0.2414075253,0.4631872533
14.5000000000,38.5000000000,0.2598110646,0.2932787391,0.4469101962
14.5000000000,40.5000000000,0.2630578918,0.3290413956,0.4079007126
14.5000000000,41.5000000000,0.2963557860,0.3040695406,0.3995746734
14.5000000000,42.5000000000,0.2628825953,0.3425616397,0.3945557650
14.5000000000,44.5000000000,0.2681421561,0.3262872894,0.4055705544
14.5000000000,45.5000000000,0.3056174526,0.2734473138,0.4209352336
14.5000000000,46.5000000000,0.3204595065,0.2437679335,0.4357725599
14.5000000000,47.5000000000,0.3399127475,0.2126990950,0.4473881575
14.5000000000,48.5000000000,0.2915248461,0.2495531013,0.4589220526
14.5000000000,49.5000000000,0.2851199354,0.2636281469,0.4512519177
14.5000000000,50.5000000000,0.2815466142,0.3029304145,0.4155229713
14.5000000000,51.5000000000,0.2755734047,0.3560051219,0.3684214735
14.5000000000,52.5000000000,0.2668124840,0.4018800325,0.3313074835
14.5000000000,53.5000000000,0.2650224877,0.4232990906,0.3116784217
14.5000000000,54.5000000000,0.2609710190,0.4330088379,0.3060201431
14.5000000000,55.5000000000,0.2673783039,0.4257189026,0.3069027935
14.5000000000,56.5000000000,0.2855834300,0.4077610556,0.3066555144
14.5000000000,57.5000000000,0.3057696366,0.3915660119,0.3026643515
14.5000000000,58.5000000000,0.3096934044,0.3951701542,0.2951364414
14.5000000000,59.5000000000,0.3223712373,0.3842410558,0.2933877069
14.5000000000,60.5000000000,0.3347735373,0.3719897040,0.2932367587
14.5000000000,61.5000000000,0.3427521780,0.3587573862,0.2984904358
14.5000000000,62.5000000000,0.3338297309,0.3616860988,0.3044841703
14.5000000000,63.5000000000,0.3172221979,0.3752722640,0.3075055381
14.5000000000,64.5000000000,0.3123087388,0.3687414459,0.3189498153
14.5000000000,65.5000000000,0.2990744236,0.3733186643,0.3276069121
14.5000000000,66.5000000000,0.2664137909,0.4004153693,0.3331708398
14.5000000000,67.5000000000,0.2023353887,0.4786197683,0.3190448430
14.5000000000,68.5000000000,0.1850718181,0.4996735955,0.3152545864
15.5000000000,37.5000000000,0.2842543337,0.2738690731,0.4418765932
15.5000000000,38.5000000000,0.2870246657,0.2826350369,0.4303402974
15.5000000000,39.5000000000,0.2799090548,0.3037992912,0.4162916540
15.5000000000,40.5000000000,0.3199616625,0.2701343103,0.4099040272
15.5000000000,41.5000000000,0.2839676365,0.3101768216,0.4058555419
15.5000000000,43.5000000000,0.2597267523,0.3268862339,0.4133870138
15.5000000000,44.5000000000,0.2983645328,0.2741170309,0.4275184363
15.5000000000,45.5000000000,0.2772707969,0.2814623371,0.4412668660
15.5000000000,46.5000000000,0.2816221995,0.2621638702,0.4562139303
15.5000000000,47.5000000000,0.3045480599,0.2275102847,0.4679416555
15.5000000000,48.5000000000,0.2728241089,0.2533281219,0.4738477692
15.5000000000,49.5000000000,0.2818617489,0.2587032036,0.4594350475
15.5000000000,50.5000000000,0.2853727966,0.2918786303,0.4227485731
15.5000000000,51.5000000000,0.2758291821,0.3465939325,0.3775768854
15.5000000000,52.5000000000,0.2741838601,0.3834208909,0.3423952490
15.5000000000,53.5000000000,0.2806537139,0.3960425352,0.3233037509
15.5000000000,54.5000000000,0.2793634453,0.4081870320,0.3124495227
15.5000000000,55.5000000000,0.2876314455,0.4054838023,0.3068847521
15.5000000000,56.5000000000,0.3103606665,0.3894537281,0.3001856054
15.5000000000,57.5000000000,0.3284342243,0.3775349587,0.2940308171
15.5000000000,58.5000000000,0.3302120064,0.3809004484,0.2888875452
15.5000000000,59.5000000000,0.3324353001,0.3783613704,0.2892033295
15.5000000000,60.5000000000,0.3401748298,0.3691549480,0.2906702222
15.5000000000,61.5000000000,0.3364714309,0.3678594550,0.2956691141
15.5000000000,62.5000000000,0.3281489121,0.3695385895,0.3023124983
15.5000000000,63.5000000000,0.3101465458,0.3818905777,0.3079628765
15.5000000000,64.5000000000,0.2940601437,0.3892288914,0.3167109649
15.5000000000,65.5000000000,0.2894271686,0.3852086509,0.3253641805
15.5000000000,66.5000000000,0.2765260143,0.3913144828,0.3321595029
15.5000000000,67.5000000000,0.2150252403,0.4626956210,0.3222791386
15.5000000000,68.5000000000,0.1853389950,0.4998240558,0.3148369492
15.5000000000,69.5000000000,0.1671320576,0.5226372632,0.3102306792
16.5000000000,37.5000000000,0.2936501427,0.2785538611,0.4277959962
16.5000000000,38.5000000000,0.3086255902,0.2746652656,0.4167091442
16.5000000000,39.5000000000,0.3368518041,0.2582073928,0.4049408031
16.5000000000,40.5000000000,0.3100538126,0.2826413791,0.4073048084
16.5000000000,41.5000000000,0.2785370596,0.3103460001,0.4111169403
16.5000000000,42.5000000000,0.2648891590,0.3178856484,0.4172251925
16.5000000000,43.5000000000,0.2821141983,0.2882290400,0.4296567617
16.5000000000,44.5000000000,0.3057656470,0.2521900554,0.4420442975
16.5000000000,45.5000000000,0.2570389877,0.2873544686,0.4556065437
16.5000000000,46.5000000000,0.2538376478,0.2766921905,0.4694701616
16.5000000000,47.5000000000,0.2535016773,0.2658283202,0.4806700026
16.5000000000,48.5000000000,0.2463488369,0.2707024483,0.4829487148
16.5000000000,49.5000000000,0.2684579758,0.2687257243,0.4628162999
16.5000000000,50.5000000000,0.2790048097,0.2935447288,0.4274504616
16.5000000000,51.5000000000,0.2672750134,0.3492990423,0.3834259443
16.5000000000,52.5000000000,0.2747180317,0.3753490493,0.3499329190
16.5000000000,53.5000000000,0.2891382378,0.3779172531,0.3329445091
16.5000000000,54.5000000000,0.2915429736,0.3871388780,0.3213181485
16.5000000000,56.5000000000,0.3185423329,0.3809883650,0.3004693021
16.5000000000,57.5000000000,0.3310203325,0.3779449209,0.2910347466
16.5000000000,58.5000000000,0.3393891976,0.3750013666,0.2856094358
16.5000000000,59.5000000000,0.3359100691,0.3758203052,0.2882696257
16.5000000000,60.5000000000,0.3344700896,0.3724908926,0.2930390177
16.5000000000,61.5000000000,0.3258799707,0.3776432738,0.2964767555
16.5000000000,62.5000000000,0.3178207212,0.3789281953,0.3032510835
16.5000000000,63.5000000000,0.2965323966,0.3939688437,0.3094987597
16.5000000000,64.5000000000,0.2821973399,0.3997861486,0.3180165115
16.5000000000,65.5000000000,0.2688643329,0.4058212116,0.3253144555
16.5000000000,66.5000000000,0.2636142930,0.4052905870,0.3310951200
16.5000000000,67.5000000000,0.2412403431,0.4277514139,0.3310082430
16.5000000000,68.5000000000,0.1835804967,0.4998985272,0.3165209761
16.5000000000,69.5000000000,0.1597347191,0.5303896197,0.3098756612
17.5000000000,38.5000000000,0.3031322802,0.2786264461,0.4182412737
17.5000000000,39.5000000000,0.3009299683,0.2870880494,0.4119819823
17.5000000000,40.5000000000,0.2977811199,0.2895796948,0.4126391853
17.5000000000,41.5000000000,0.2787765187,0.3010775023,0.4201459789
17.5000000000,42.5000000000,0.2707474842,0.3009244461,0.4283280697
17.5000000000,43.5000000000,0.3119502463,0.2477689754,0.4402807783
17.5000000000,44.5000000000,0.2942011223,0.2547873692,0.4510115085
17.5000000000,45.5000000000,0.2530332167,0.2841992326,0.4627675507
17.5000000000,46.5000000000,0.2448043586,0.2828316507,0.4723639907
17.5000000000,47.5000000000,0.2407562426,0.2798793611,0.4793643963
17.5000000000,48.5000000000,0.2436598300,0.2802168299,0.4761233401
17.5000000000,49.5000000000,0.2599186797,0.2798990040,0.4601823164
17.5000000000,50.5000000000,0.2639874013,0.3081431945,0.4278694042
17.5000000000,51.5000000000,0.2652206721,0.3460750929,0.3887042350
17.5000000000,52.5000000000,0.2730588547,0.3725117206,0.3544294247
17.5000000000,53.5000000000,0.2884340504,0.3723235533,0.3392423963
17.5000000000,54.5000000000,0.3003278256,0.3672377836,0.3324343908
17.5000000000,57.5000000000,0.3293211149,0.3732018235,0.2974770616
17.5000000000,58.5000000000,0.3353861385,0.3733652314,0.2912486301
17.5000000000,59.5000000000,0.3336280925,0.3745858037,0.2917861038
17.5000000000,60.5000000000,0.3227503460,0.3818696136,0.2953800404
17.5000000000,61.5000000000,0.3060386414,0.3941916706,0.2997696880
17.5000000000,62.5000000000,0.2978031768,0.3953187973,0.3068780258
17.5000000000,63.5000000000,0.2886622695,0.3977208665,0.3136168640
17.5000000000,64.5000000000,0.2773513347,0.4009420386,0.3217066267
17.5000000000,65.5000000000,0.2513847073,0.4221265933,0.3264886994
17.5000000000,66.5000000000,0.2385939955,0.4295850819,0.3318209226
17.5000000000,67.5000000000,0.2390870747,0.4216238275,0.3392890978
17.5000000000,68.5000000000,0.1918780134,0.4781598238,0.3299621628
17.5000000000,69.5000000000,0.1548659319,0.5295315354,0.3156025327
18.5000000000,39.5000000000,0.3028379526,0.2740460054,0.4231160420
18.5000000000,40.5000000000,0.2951425555,0.2812191946,0.4236382498
18.5000000000,42.5000000000,0.2993875604,0.2607316959,0.4398807437
18.5000000000,43.5000000000,0.3352590183,0.2183530512,0.4463879305
18.5000000000,44.5000000000,0.2778935352,0.2624179777,0.4596884871
18.5000000000,45.5000000000,0.2424073098,0.2913776209,0.4662150693
18.5000000000,46.5000000000,0.2393271073,0.2873284307,0.4733444620
18.5000000000,47.5000000000,0.2377266002,0.2847981732,0.4774752266
18.5000000000,48.5000000000,0.2503750640,0.2756740371,0.4739508988
18.5000000000,49.5000000000,0.2646717117,0.2763615128,0.4589667755
18.5000000000,50.5000000000,0.2544248298,0.3174456463,0.4281295240
18.5000000000,51.5000000000,0.2596167487,0.3474705020,0.3929127494
18.5000000000,52.5000000000,0.2673463330,0.3710749903,0.3615786767
18.5000000000,53.5000000000,0.2824147147,0.3736235031,0.3439617822
18.5000000000,54.5000000000,0.2941024937,0.3656403518,0.3402571545
18.5000000000,56.5000000000,0.3153433729,0.3693141836,0.3153424435
18.5000000000,57.5000000000,0.3264306640,0.3699492262,0.3036201098
18.5000000000,59.5000000000,0.3292249010,0.3738534121,0.2969216869
18.5000000000,60.5000000000,0.3167693943,0.3829590399,0.3002715658
18.5000000000,62.5000000000,0.2827724581,0.4066421830,0.3105853589
18.5000000000,63.5000000000,0.2761387886,0.4061825240,0.3176786874
18.5000000000,64.5000000000,0.2625393482,0.4125399627,0.3249206891
18.5000000000,65.5000000000,0.2414869355,0.4275352901,0.3309777745
18.5000000000,66.5000000000,0.2216548202,0.4437378337,0.3346073462
18.5000000000,67.5000000000,0.2182744765,0.4417788911,0.3399466324
18.5000000000,68.5000000000,0.1958024631,0.4653429463,0.3388545906
18.5000000000,69.5000000000,0.1468373590,0.5365219545,0.3166406864
18.5000000000,70.5000000000,0.1318646135,0.5634296414,0.3047057451
19.5000000000,39.5000000000,0.3012930429,0.2614532942,0.4372536630
19.5000000000,40.5000000000,0.3068734512,0.2563486575,0.4367778913
19.5000000000,41.5000000000,0.2890721578,0.2698437605,0.4410840817
19.5000000000,42.5000000000,0.3302607085,0.2213766077,0.4483626838
19.5000000000,43.5000000000,0.3232750515,0.2201249102,0.4566000382
19.5000000000,44.5000000000,0.2587380981,0.2749376228,0.4663242791
19.5000000000,45.5000000000,0.2359009949,0.2948416115,0.4692573936
19.5000000000,46.5000000000,0.2307788635,0.2977433071,0.4714778294
19.5000000000,47.5000000000,0.2313738725,0.2953178036,0.4733083240
19.5000000000,48.5000000000,0.2601421718,0.2674973089,0.4723605193
19.5000000000,49.5000000000,0.2727820020,0.2658440598,0.4613739382
19.5000000000,50.5000000000,0.2508846110,0.3178953348,0.4312200542
19.5000000000,51.5000000000,0.2531278418,0.3496452265,0.3972269317
19.5000000000,52.5000000000,0.2590430698,0.3780643876,0.3628925426
19.5000000000,53.5000000000,0.2739749601,0.3789467862,0.3470782537
19.5000000000,54.5000000000,0.2777907918,0.3786224306,0.3435867776
19.5000000000,57.5000000000,0.3180308616,0.3733515561,0.3086175822
19.5000000000,59.5000000000,0.3232656834,0.3756265205,0.3011077961
19.5000000000,60.5000000000,0.3133921087,0.3823300466,0.3042778446
19.5000000000,63.5000000000,0.2610083018,0.4161022177,0.3228894805
19.5000000000,64.5000000000,0.2518849814,0.4176280455,0.3304869731
19.5000000000,65.5000000000,0.2298097739,0.4337278816,0.3364623446
19.5000000000,66.5000000000,0.2043345165,0.4589589251,0.3367065584
19.5000000000,67.5000000000,0.1917997892,0.4713672011,0.3368330097
19.5000000000,68.5000000000,0.1797489012,0.4844651198,0.3357859790
19.5000000000,69.5000000000,0.1487201195,0.5305955422,0.3206843382
19.5000000000,70.5000000000,0.1256596484,0.5712711607,0.3030691909
20.5000000000,37.5000000000,0.2886843308,0.2431129488,0.4682027204
20.5000000000,38.5000000000,0.2937289888,0.2432833535,0.4629876577
20.5000000000,39.5000000000,0.3218779117,0.2257580112,0.4523640771
20.5000000000,40.5000000000,0.3650300554,0.1922618153,0.4427081294
20.5000000000,41.5000000000,0.3556238475,0.1954331807,0.4489429719
20.5000000000,42.5000000000,0.3205267126,0.2192285439,0.4602447435
20.5000000000,43.5000000000,0.2971127118,0.2365761162,0.4663111721
20.5000000000,44.5000000000,0.2441334727,0.2844738299,0.4713926974
20.5000000000,45.5000000000,0.2268182171,0.3010298631,0.4721519197
20.5000000000,46.5000000000,0.2228485607,0.3082591948,0.4688922445
20.5000000000,47.5000000000,0.2212979448,0.3135609114,0.4651411438
20.5000000000,48.5000000000,0.2446450001,0.2905071143,0.4648478857
20.5000000000,49.5000000000,0.2604110603,0.2811317181,0.4584572216
20.5000000000,50.5000000000,0.2362924877,0.3331503281,0.4305571841
20.5000000000,51.5000000000,0.2372819977,0.3600565766,0.4026614257
20.5000000000,52.5000000000,0.2411779308,0.3922329306,0.3665891387
20.5000000000,53.5000000000,0.2561210616,0.3947205036,0.3491584348
20.5000000000,54.5000000000,0.2613900979,0.3937942867,0.3448156154
20.5000000000,60.5000000000,0.3097658025,0.3802032826,0.3100309149
20.5000000000,63.5000000000,0.2490827989,0.4203211454,0.3305960557
20.5000000000,64.5000000000,0.2355097365,0.4277276005,0.3367626630
20.5000000000,65.5000000000,0.2152404196,0.4429003598,0.3418592206
20.5000000000,66.5000000000,0.1922444190,0.4680459817,0.3397095992
20.5000000000,67.5000000000,0.1802459638,0.4826790392,0.3370749970
20.5000000000,68.5000000000,0.1732458354,0.4921352320,0.3346189326
20.5000000000,69.5000000000,0.1557787523,0.5178269102,0.3263943375
20.5000000000,70.5000000000,0.1227752461,0.5745252440,0.3026995099
21.5000000000,37.5000000000,0.2847849681,0.2221070955,0.4931079364
21.5000000000,38.5000000000,0.2991072074,0.2150194011,0.4858733915
21.5000000000,39.5000000000,0.3352534598,0.1936122082,0.4711343319
21.5000000000,40.5000000000,0.3360078765,0.1943005661,0.4696915574
21.5000000000,41.5000000000,0.3126599729,0.2146799100,0.4726601171
21.5000000000,42.5000000000,0.2899718700,0.2342516676,0.4757764624
21.5000000000,43.5000000000,0.2612760374,0.2625523922,0.4761715705
21.5000000000,44.5000000000,0.2426611622,0.2813877757,0.4759510621
21.5000000000,45.5000000000,0.2262858817,0.3008621045,0.4728520138
21.5000000000,46.5000000000,0.2194276209,0.3197664113,0.4608059678
21.5000000000,47.5000000000,0.2151571865,0.3354053131,0.4494375003
21.5000000000,48.5000000000,0.2230975187,0.3316270231,0.4452754582
21.5000000000,49.5000000000,0.2339506711,0.3266967056,0.4393526233
21.5000000000,50.5000000000,0.2187615739,0.3606385877,0.4205998384
21.5000000000,51.5000000000,0.2177797540,0.3842105680,0.3980096780
21.5000000000,52.5000000000,0.2199228408,0.4073880938,0.3726890654
21.5000000000,53.5000000000,0.2287059065,0.4131858602,0.3581082333
21.5000000000,54.5000000000,0.2343540430,0.4137805405,0.3518654165
21.5000000000,55.5000000000,0.2597279511,0.3980940778,0.3421779710
21.5000000000,56.5000000000,0.2818469733,0.3835641349,0.3345888918
21.5000000000,57.5000000000,0.2995500147,0.3771639207,0.3232860647
21.5000000000,58.5000000000,0.3137351777,0.3719848545,0.3142799678
21.5000000000,60.5000000000,0.3089597051,0.3734195278,0.3176207671
21.5000000000,61.5000000000,0.2898258535,0.3811718579,0.3290022886
21.5000000000,62.5000000000,0.2677302008,0.3928869774,0.3393828218
21.5000000000,63.5000000000,0.2419344344,0.4137807042,0.3442848614
21.5000000000,64.5000000000,0.2182426811,0.4352366519,0.3465206671
21.5000000000,65.5000000000,0.1957412629,0.4574188899,0.3468398472
21.5000000000,66.5000000000,0.1836139467,0.4694923147,0.3468937386
21.5000000000,67.5000000000,0.1707358988,0.4870119677,0.3422521335
21.5000000000,68.5000000000,0.1668301463,0.4935223612,0.3396474925
21.5000000000,69.5000000000,0.1603183387,0.5050218836,0.3346597778
21.5000000000,70.5000000000,0.1249076766,0.5673831495,0.3077091739
22.5000000000,37.5000000000,0.2953455956,0.1913944878,0.5132599165
22.5000000000,38.5000000000,0.2848466963,0.2050712013,0.5100821024
22.5000000000,39.5000000000,0.2777348860,0.2263212186,0.4959438954
22.5000000000,40.5000000000,0.2695136428,0.2372499608,0.4932363964
22.5000000000,41.5000000000,0.2803063776,0.2300765873,0.4896170352
22.5000000000,42.5000000000,0.2925351003,0.2224209679,0.4850439317
22.5000000000,43.5000000000,0.2555375710,0.2611705896,0.4832918394
22.5000000000,44.5000000000,0.2324840695,0.2889184186,0.4785975118
22.5000000000,45.5000000000,0.2547900082,0.2694022430,0.4758077488
22.5000000000,46.5000000000,0.2481826383,0.2982509416,0.4535664201
22.5000000000,47.5000000000,0.2251493688,0.3461234338,0.4287271974
22.5000000000,48.5000000000,0.2272313787,0.3485668809,0.4242017404
22.5000000000,49.5000000000,0.2357485318,0.3409789404,0.4232725278
22.5000000000,50.5000000000,0.2123992435,0.3776211042,0.4099796522
22.5000000000,51.5000000000,0.2056957576,0.3980099190,0.3962943234
22.5000000000,52.5000000000,0.2018438317,0.4165207871,0.3816353812
22.5000000000,53.5000000000,0.2007128569,0.4276065893,0.3716805538
22.5000000000,54.5000000000,0.2040868534,0.4304617373,0.3654514093
22.5000000000,55.5000000000,0.2291619074,0.4143943072,0.3564437853
22.5000000000,56.5000000000,0.2598471750,0.3930162177,0.3471366073
22.5000000000,57.5000000000,0.2815389448,0.3788689632,0.3395920919
22.5000000000,58.5000000000,0.3021469564,0.3700160936,0.3278369500
22.5000000000,59.5000000000,0.3105961424,0.3699050695,0.3194987880
22.5000000000,60.5000000000,0.3044054730,0.3643727537,0.3312217734
22.5000000000,61.5000000000,0.2877720734,0.3670489668,0.3451789598
22.5000000000,62.5000000000,0.2671163167,0.3776923125,0.3551913708
22.5000000000,63.5000000000,0.2355897044,0.4036457370,0.3607645587
22.5000000000,65.5000000000,0.1896337999,0.4526574196,0.3577087804
22.5000000000,66.5000000000,0.1772138355,0.4676178307,0.3551683338
22.5000000000,67.5000000000,0.1670713891,0.4818301130,0.3510984979
22.5000000000,68.5000000000,0.1600162893,0.4944489610,0.3455347497
22.5000000000,69.5000000000,0.1615471732,0.4976591768,0.3407936501
22.5000000000,70.5000000000,0.1322572489,0.5492273631,0.3185153880
23.5000000000,37.5000000000,0.2426594517,0.2236730417,0.5336675066
23.5000000000,38.5000000000,0.2511832033,0.2208778932,0.5279389035
23.5000000000,39.5000000000,0.2387989585,0.2439461759,0.5172548656
23.5000000000,40.5000000000,0.2421474075,0.2465103906,0.5113422018
23.5000000000,41.5000000000,0.2737847734,0.2216314385,0.5045837882
23.5000000000,42.5000000000,0.2782284417,0.2281058463,0.4936657120
23.5000000000,43.5000000000,0.2241616945,0.2918213223,0.4840169832
23.5000000000,44.5000000000,0.2159034942,0.3109861163,0.4731103895
23.5000000000,45.5000000000,0.2629501151,0.2719650471,0.4650848378
23.5000000000,46.5000000000,0.2509959422,0.3091107601,0.4398932977
23.5000000000,47.5000000000,0.2397632903,0.3443183933,0.4159183164
23.5000000000,48.5000000000,0.2580491443,0.3257025697,0.4162482860
23.5000000000,49.5000000000,0.2287226536,0.3598361974,0.4114411490
23.5000000000,50.5000000000,0.2093030257,0.3842661296,0.4064308447
23.5000000000,51.5000000000,0.1956113367,0.4058930627,0.3984956006
23.5000000000,52.5000000000,0.1870853382,0.4217297625,0.3911848993
23.5000000000,53.5000000000,0.1783734340,0.4371705869,0.3844559791
23.5000000000,54.5000000000,0.1693324669,0.4529027096,0.3777648234
23.5000000000,55.5000000000,0.1953495297,0.4323157761,0.3723346942
23.5000000000,56.5000000000,0.2256793832,0.4036232803,0.3706973365
23.5000000000,57.5000000000,0.2519848371,0.3785712772,0.3694438857
23.5000000000,58.5000000000,0.2750494879,0.3635567074,0.3613938047
23.5000000000,59.5000000000,0.2846158423,0.3608360399,0.3545481178
23.5000000000,60.5000000000,0.2890157636,0.3505008917,0.3604833447
23.5000000000,61.5000000000,0.2780217944,0.3552973876,0.3666808180
23.5000000000,62.5000000000,0.2594632588,0.3669753908,0.3735613504
23.5000000000,63.5000000000,0.2315217345,0.3893542513,0.3791240142
23.5000000000,64.5000000000,0.2062679949,0.4158146993,0.3779173057
23.5000000000,65.5000000000,0.1865263710,0.4398168766,0.3736567525
23.5000000000,66.5000000000,0.1765220027,0.4545519689,0.3689260284
23.5000000000,67.5000000000,0.1663842439,0.4714932428,0.3621225133
23.5000000000,68.5000000000,0.1625710189,0.4829894524,0.3544395287
23.5000000000,69.5000000000,0.1578157157,0.4977535270,0.3444307573
23.5000000000,70.5000000000,0.1396027911,0.5283379574,0.3320592515
24.5000000000,37.5000000000,0.2327519336,0.2225187683,0.5447292981
24.5000000000,38.5000000000,0.2301475010,0.2310581245,0.5387943745
24.5000000000,40.5000000000,0.2165597476,0.2590160187,0.5244242338
24.5000000000,41.5000000000,0.2619092919,0.2157028883,0.5223878198
24.5000000000,42.5000000000,0.2334312518,0.2616360329,0.5049327153
24.5000000000,43.5000000000,0.2034217753,0.3118592474,0.4847189773
24.5000000000,44.5000000000,0.2075021541,0.3224407528,0.4700570931
24.5000000000,45.5000000000,0.2527949114,0.2900038718,0.4572012168
24.5000000000,46.5000000000,0.2379407351,0.3319766788,0.4300825861
24.5000000000,47.5000000000,0.2754780360,0.3056193254,0.4189026386
24.5000000000,48.5000000000,0.2638801632,0.3227386323,0.4133812046
24.5000000000,49.5000000000,0.2230139769,0.3688679914,0.4081180317
24.5000000000,50.5000000000,0.2040831463,0.3890991025,0.4068177512
24.5000000000,51.5000000000,0.1904099206,0.4058239742,0.4037661052
24.5000000000,52.5000000000,0.1797058566,0.4187505046,0.4015436388
24.5000000000,53.5000000000,0.1709209629,0.4318438847,0.3972351523
24.5000000000,54.5000000000,0.1612477517,0.4469329851,0.3918192632
24.5000000000,55.5000000000,0.1786830831,0.4366353012,0.3846816158
24.5000000000,56.5000000000,0.2063554362,0.4029379409,0.3907066229
24.5000000000,57.5000000000,0.2318360034,0.3686635649,0.3995004318
24.5000000000,58.5000000000,0.2506449557,0.3571796610,0.3921753833
24.5000000000,59.5000000000,0.2598396204,0.3555290842,0.3846312954
24.5000000000,60.5000000000,0.2683160602,0.3467202855,0.3849636543
24.5000000000,61.5000000000,0.2637116625,0.3501967838,0.3860915538
24.5000000000,62.5000000000,0.2497789461,0.3558227936,0.3943982603
24.5000000000,63.5000000000,0.2287602422,0.3710978709,0.4001418870
24.5000000000,64.5000000000,0.2028711184,0.3971754501,0.3999534315
24.5000000000,65.5000000000,0.1834216324,0.4222789847,0.3942993828
24.5000000000,66.5000000000,0.1762018203,0.4352279149,0.3885702648
24.5000000000,67.5000000000,0.1691760311,0.4522053861,0.3786185829
24.5000000000,68.5000000000,0.1661028384,0.4643055536,0.3695916080
24.5000000000,69.5000000000,0.1622539067,0.4758646135,0.3618814798
24.5000000000,70.5000000000,0.1476950750,0.5025469005,0.3497580246
25.5000000000,37.5000000000,0.2282585208,0.2179016214,0.5538398578
25.5000000000,38.5000000000,0.2237373857,0.2295979545,0.5466646599
25.5000000000,39.5000000000,0.2166727979,0.2455131775,0.5378140246
25.5000000000,40.5000000000,0.2082959516,0.2637731072,0.5279309412
25.5000000000,41.5000000000,0.2170978766,0.2579217742,0.5249803492
25.5000000000,42.5000000000,0.2086213439,0.2819919356,0.5093867206
25.5000000000,43.5000000000,0.1904449901,0.3232074663,0.4863475437
25.5000000000,44.5000000000,0.1975279918,0.3367109935,0.4657610147
25.5000000000,45.5000000000,0.2500864557,0.2958346680,0.4540788763
25.5000000000,46.5000000000,0.2686041593,0.2998070621,0.4315887786
25.5000000000,47.5000000000,0.2873082339,0.2950999783,0.4175917878
25.5000000000,48.5000000000,0.2362983658,0.3545512177,0.4091504166
25.5000000000,49.5000000000,0.2260921971,0.3633055873,0.4106022157
25.5000000000,50.5000000000,0.2049927286,0.3845902425,0.4104170289
25.5000000000,51.5000000000,0.1871353640,0.4021527312,0.4107119048
25.5000000000,52.5000000000,0.1738314866,0.4157299863,0.4104385271
25.5000000000,53.5000000000,0.1617385405,0.4278747944,0.4103866652
25.5000000000,54.5000000000,0.1522210154,0.4399938402,0.4077851443
25.5000000000,55.5000000000,0.1764119361,0.4328600743,0.3907279896
25.5000000000,56.5000000000,0.2008885084,0.4046497288,0.3944617628
25.5000000000,57.5000000000,0.2226640645,0.3751059656,0.4022299699
25.5000000000,58.5000000000,0.2352281005,0.3659122617,0.3988596378
25.5000000000,59.5000000000,0.2443707092,0.3672648441,0.3883644468
25.5000000000,60.5000000000,0.2496791534,0.3596140041,0.3907068425
25.5000000000,61.5000000000,0.2498867557,0.3520308886,0.3980823557
25.5000000000,62.5000000000,0.2386675139,0.3525322854,0.4088002007
25.5000000000,63.5000000000,0.2209127871,0.3599319780,0.4191552349
25.5000000000,64.5000000000,0.1999297867,0.3785071951,0.4215630182
25.5000000000,65.5000000000,0.1836225738,0.3999362202,0.4164412059
25.5000000000,66.5000000000,0.1765016509,0.4159609417,0.4075374074
25.5000000000,67.5000000000,0.1708718626,0.4318614399,0.3972666975
25.5000000000,68.5000000000,0.1665232678,0.4471317769,0.3863449553
25.5000000000,69.5000000000,0.1604133712,0.4622927384,0.3772938904
25.5000000000,70.5000000000,0.1481206819,0.4864834723,0.3653958458
26.5000000000,37.5000000000,0.2282801588,0.2092680683,0.5624517728
26.5000000000,38.5000000000,0.2279019269,0.2190778324,0.5530202406
26.5000000000,39.5000000000,0.2296195137,0.2298710014,0.5405094848
26.5000000000,40.5000000000,0.2138180709,0.2590581677,0.5271237615
26.5000000000,41.5000000000,0.2006641882,0.2822676558,0.5170681560
26.5000000000,42.5000000000,0.1958232627,0.2970769736,0.5070997637
26.5000000000,43.5000000000,0.1919728332,0.3215561131,0.4864710538
26.5000000000,44.5000000000,0.1876855111,0.3480351447,0.4642793442
26.5000000000,45.5000000000,0.2320002515,0.3118800679,0.4561196807
26.5000000000,46.5000000000,0.2451214462,0.3183663130,0.4365122408
26.5000000000,47.5000000000,0.2350858673,0.3449660050,0.4199481278
26.5000000000,48.5000000000,0.2261918207,0.3591245355,0.4146836437
26.5000000000,49.5000000000,0.2238808943,0.3590127169,0.4171063889
26.5000000000,50.5000000000,0.2059768916,0.3748634765,0.4191596318
26.5000000000,51.5000000000,0.1878850161,0.3912274156,0.4208875683
26.5000000000,52.5000000000,0.1749073662,0.4041148837,0.4209777501
26.5000000000,53.5000000000,0.1665580750,0.4138831710,0.4195587540
26.5000000000,54.5000000000,0.1654564576,0.4223271154,0.4122164270
26.5000000000,55.5000000000,0.1839595066,0.4189993473,0.3970411461
26.5000000000,56.5000000000,0.2002690159,0.4080586935,0.3916722906
26.5000000000,57.5000000000,0.2172047368,0.3932448268,0.3895504364
26.5000000000,58.5000000000,0.2278491355,0.3876520159,0.3844988486
26.5000000000,59.5000000000,0.2353823525,0.3830967706,0.3815208770
26.5000000000,60.5000000000,0.2388956651,0.3720427687,0.3890615662
26.5000000000,61.5000000000,0.2408727831,0.3573606362,0.4017665807
26.5000000000,62.5000000000,0.2289575428,0.3512198953,0.4198225620
26.5000000000,63.5000000000,0.2134287465,0.3495296495,0.4370416040
26.5000000000,64.5000000000,0.1971017396,0.3584399074,0.4444583530
26.5000000000,65.5000000000,0.1857479858,0.3768902104,0.4373618038
26.5000000000,66.5000000000,0.1794645956,0.3943204828,0.4262149216
26.5000000000,67.5000000000,0.1736584840,0.4135554330,0.4127860830
26.5000000000,68.5000000000,0.1675353276,0.4314741350,0.4009905374
26.5000000000,69.5000000000,0.1640600204,0.4411210616,0.3948189180
26.5000000000,70.5000000000,0.1553398016,0.4575813379,0.3870788605
27.5000000000,37.5000000000,0.2432423997,0.1861769341,0.5705806662
27.5000000000,38.5000000000,0.2486499174,0.1939677386,0.5573823440
27.5000000000,39.5000000000,0.2508566826,0.2094555232,0.5396877942
27.5000000000,40.5000000000,0.2246523330,0.2552187414,0.5201289256
27.5000000000,41.5000000000,0.2126128394,0.2778658605,0.5095213001
27.5000000000,42.5000000000,0.1909154914,0.3112608398,0.4978236688
27.5000000000,43.5000000000,0.1890903120,0.3257099331,0.4851997549
27.5000000000,44.5000000000,0.1857106303,0.3450922035,0.4691971662
27.5000000000,45.5000000000,0.1968568628,0.3474584515,0.4556846856
27.5000000000,46.5000000000,0.2165243040,0.3400980460,0.4433776500
27.5000000000,47.5000000000,0.2182435810,0.3531924752,0.4285639438
27.5000000000,48.5000000000,0.2254611156,0.3486784336,0.4258604507
27.5000000000,49.5000000000,0.2240495067,0.3493147239,0.4266357695
27.5000000000,50.5000000000,0.2091573959,0.3618899967,0.4289526074
27.5000000000,51.5000000000,0.1933815762,0.3768085264,0.4298098974
27.5000000000,52.5000000000,0.1812206041,0.3895802744,0.4291991215
27.5000000000,53.5000000000,0.1772989704,0.3954817788,0.4272192508
27.5000000000,54.5000000000,0.1792595484,0.4014279657,0.4193124859
27.5000000000,55.5000000000,0.1895467864,0.4070645123,0.4033887013
27.5000000000,56.5000000000,0.2056022119,0.4029961421,0.3914016460
27.5000000000,57.5000000000,0.2171362542,0.3991960964,0.3836676494
27.5000000000,58.5000000000,0.2209341842,0.3937433387,0.3853224771
27.5000000000,59.5000000000,0.2295110390,0.3807505891,0.3897383719
27.5000000000,60.5000000000,0.2326532476,0.3679476038,0.3993991486
27.5000000000,61.5000000000,0.2328889133,0.3525997977,0.4145112891
27.5000000000,62.5000000000,0.2217623691,0.3450749918,0.4331626391
27.5000000000,63.5000000000,0.2070030858,0.3394312016,0.4535657126
27.5000000000,64.5000000000,0.1947821519,0.3392921437,0.4659257044
27.5000000000,65.5000000000,0.1865230503,0.3591944641,0.4542824857
27.5000000000,66.5000000000,0.1812186829,0.3796896876,0.4390916295
27.5000000000,67.5000000000,0.1746221825,0.4011942592,0.4241835583
27.5000000000,68.5000000000,0.1677911135,0.4212480882,0.4109607983
27.5000000000,69.5000000000,0.1611163535,0.4345946438,0.4042890027
27.5000000000,70.5000000000,0.1591739250,0.4377243609,0.4031017142
28.5000000000,37.5000000000,0.2788018772,0.1450962239,0.5761018989
28.5000000000,38.5000000000,0.2783398789,0.1616658439,0.5599942771
28.5000000000,39.5000000000,0.2877877988,0.1799098194,0.5323023818
28.5000000000,40.5000000000,0.2434314051,0.2467944627,0.5097741322
28.5000000000,41.5000000000,0.2248387181,0.2761570712,0.4990042107
28.5000000000,43.5000000000,0.1902324575,0.3156687549,0.4940987876
28.5000000000,44.5000000000,0.1948186337,0.3260598707,0.4791214956
28.5000000000,45.5000000000,0.2018331522,0.3339014756,0.4642653721
28.5000000000,46.5000000000,0.2142769122,0.3340463988,0.4516766890
28.5000000000,47.5000000000,0.2226251867,0.3354475840,0.4419272293
28.5000000000,48.5000000000,0.2269933563,0.3339725350,0.4390341086
28.5000000000,49.5000000000,0.2247967862,0.3362800404,0.4389231734
28.5000000000,50.5000000000,0.2111705744,0.3490443501,0.4397850755
28.5000000000,51.5000000000,0.1979024659,0.3621006527,0.4399968815
28.5000000000,52.5000000000,0.1868847273,0.3738635991,0.4392516736
28.5000000000,53.5000000000,0.1846718263,0.3783546486,0.4369735251
28.5000000000,54.5000000000,0.1868969065,0.3831149945,0.4299880989
28.5000000000,55.5000000000,0.1946769943,0.3871289271,0.4181940786
28.5000000000,56.5000000000,0.2051365439,0.3872670590,0.4075963971
28.5000000000,57.5000000000,0.2129265302,0.3882680102,0.3988054596
28.5000000000,58.5000000000,0.2229898545,0.3795940954,0.3974160501
28.5000000000,59.5000000000,0.2278371303,0.3711174383,0.4010454314
28.5000000000,60.5000000000,0.2284252339,0.3603380370,0.4112367291
28.5000000000,61.5000000000,0.2285331709,0.3469854510,0.4244813781
28.5000000000,62.5000000000,0.2187142242,0.3413949398,0.4398908361
28.5000000000,63.5000000000,0.2082527681,0.3363739548,0.4553732771
28.5000000000,64.5000000000,0.1969190281,0.3390849614,0.4639960105
28.5000000000,65.5000000000,0.1905344147,0.3509669367,0.4584986486
28.5000000000,66.5000000000,0.1844490598,0.3704469576,0.4451039826
28.5000000000,67.5000000000,0.1791772106,0.3903370475,0.4304857419
28.5000000000,68.5000000000,0.1732196987,0.4085107872,0.4182695140
28.5000000000,69.5000000000,0.1654372653,0.4261867079,0.4083760268
28.5000000000,70.5000000000,0.1620661534,0.4294259740,0.4085078726
29.5000000000,37.5000000000,0.3065537799,0.1137740707,0.5796721494
29.5000000000,38.5000000000,0.3075873336,0.1326931513,0.5597195151
29.5000000000,39.5000000000,0.3327970272,0.1466772796,0.5205256932
29.5000000000,40.5000000000,0.2929793707,0.2107476614,0.4962729679
29.5000000000,41.5000000000,0.2511115395,0.2616964484,0.4871920121
29.5000000000,44.5000000000,0.2068825724,0.3145211443,0.4785962833
29.5000000000,45.5000000000,0.2102756840,0.3201990073,0.4695253087
29.5000000000,46.5000000000,0.2192211748,0.3197197277,0.4610590975
29.5000000000,47.5000000000,0.2266973173,0.3204687678,0.4528339149
29.5000000000,48.5000000000,0.2293519601,0.3188341630,0.4518138768
29.5000000000,49.5000000000,0.2260535881,0.3223752317,0.4515711802
29.5000000000,50.5000000000,0.2124001308,0.3349953215,0.4526045478
29.5000000000,51.5000000000,0.1993110986,0.3470280273,0.4536608741
29.5000000000,52.5000000000,0.1912453648,0.3548703543,0.4538842809
29.5000000000,53.5000000000,0.1889769861,0.3589769810,0.4520460329
29.5000000000,54.5000000000,0.1921951041,0.3600358393,0.4477690566
29.5000000000,55.5000000000,0.1986228543,0.3627317895,0.4386453561
29.5000000000,56.5000000000,0.2109640096,0.3591070743,0.4299289161
29.5000000000,57.5000000000,0.2151348127,0.3635767991,0.4212883882
29.5000000000,58.5000000000,0.2216325035,0.3662235313,0.4121439652
29.5000000000,59.5000000000,0.2272177785,0.3566891903,0.4160930313
29.5000000000,60.5000000000,0.2243439263,0.3495542349,0.4261018388
29.5000000000,61.5000000000,0.2204343867,0.3438589471,0.4357066663
29.5000000000,62.5000000000,0.2130947855,0.3419677107,0.4449375039
29.5000000000,63.5000000000,0.2060306709,0.3393237996,0.4546455295
29.5000000000,64.5000000000,0.1974451991,0.3437636681,0.4587911328
29.5000000000,65.5000000000,0.1921594165,0.3536447654,0.4541958181
29.5000000000,66.5000000000,0.1888177061,0.3655542309,0.4456280630
29.5000000000,67.5000000000,0.1837865602,0.3821652791,0.4340481606
29.5000000000,68.5000000000,0.1738123037,0.4053807998,0.4208068966
29.5000000000,69.5000000000,0.1668080903,0.4213601278,0.4118317820
29.5000000000,70.5000000000,0.1659394580,0.4235723972,0.4104881449
30.5000000000,37.5000000000,0.2949378773,0.1147991187,0.5902630040
30.5000000000,38.5000000000,0.3284900066,0.1150612997,0.5564486937
30.5000000000,39.5000000000,0.3456385563,0.1369025904,0.5174588534
30.5000000000,40.5000000000,0.3245562293,0.1845963620,0.4908474086
30.5000000000,41.5000000000,0.2744308038,0.2441911201,0.4813780761
30.5000000000,45.5000000000,0.2222686355,0.3064865625,0.4712448020
30.5000000000,46.5000000000,0.2239724337,0.3087781064,0.4672494599
30.5000000000,47.5000000000,0.2285655600,0.3084465589,0.4629878811
30.5000000000,48.5000000000,0.2310978550,0.3064419125,0.4624602326
30.5000000000,49.5000000000,0.2266880784,0.3091180997,0.4641938219
30.5000000000,50.5000000000,0.2117476848,0.3216531334,0.4665991818
30.5000000000,51.5000000000,0.1979565591,0.3319954845,0.4700479564
30.5000000000,52.5000000000,0.1898455070,0.3375224881,0.4726320049
30.5000000000,53.5000000000,0.1885515436,0.3418012367,0.4696472197
30.5000000000,54.5000000000,0.1933131973,0.3419330353,0.4647537674
30.5000000000,55.5000000000,0.1995827051,0.3420623923,0.4583549026
30.5000000000,56.5000000000,0.2050645081,0.3438482698,0.4510872220
30.5000000000,57.5000000000,0.2126405269,0.3449082522,0.4424512209
30.5000000000,58.5000000000,0.2163502770,0.3601255378,0.4235241851
30.5000000000,59.5000000000,0.2187848482,0.3553571505,0.4258580012
30.5000000000,60.5000000000,0.2161915595,0.3507462397,0.4330622008
30.5000000000,61.5000000000,0.2114730764,0.3484544512,0.4400724725
30.5000000000,62.5000000000,0.2110889380,0.3423842606,0.4465268014
30.5000000000,63.5000000000,0.2054107797,0.3425211374,0.4520680829
30.5000000000,64.5000000000,0.1986693266,0.3484613053,0.4528693681
30.5000000000,65.5000000000,0.1906478163,0.3622884188,0.4470637649
30.5000000000,66.5000000000,0.1846640839,0.3758734207,0.4394624954
30.5000000000,67.5000000000,0.1842966502,0.3838348928,0.4318684571
30.5000000000,68.5000000000,0.1754287815,0.4039140337,0.4206571847
30.5000000000,69.5000000000,0.1701142748,0.4159900715,0.4138956538
30.5000000000,70.5000000000,0.1610924853,0.4316683218,0.4072391929
31.5000000000,37.5000000000,0.3027979966,0.1047042497,0.5924977537
31.5000000000,38.5000000000,0.3221780042,0.1151311611,0.5626908347
31.5000000000,39.5000000000,0.3415928895,0.1379175079,0.5204896026
31.5000000000,40.5000000000,0.3769696484,0.1488755027,0.4741548489
31.5000000000,41.5000000000,0.3011428344,0.2210318301,0.4778253355
31.5000000000,46.5000000000,0.2269155399,0.2995697348,0.4735147253
31.5000000000,47.5000000000,0.2292359706,0.2969937710,0.4737702583
31.5000000000,48.5000000000,0.2314383124,0.2915620220,0.4769996656
31.5000000000,49.5000000000,0.2237862650,0.2975892616,0.4786244734
31.5000000000,50.5000000000,0.2051338188,0.3086673308,0.4861988505
31.5000000000,51.5000000000,0.1904143512,0.3180211939,0.4915644549
31.5000000000,52.5000000000,0.1830334215,0.3235815493,0.4933850292
31.5000000000,53.5000000000,0.1827056673,0.3284908054,0.4888035274
31.5000000000,54.5000000000,0.1882166703,0.3284355724,0.4833477573
31.5000000000,55.5000000000,0.1951389547,0.3299107953,0.4749502500
31.5000000000,56.5000000000,0.2036196253,0.3297624393,0.4666179354
31.5000000000,57.5000000000,0.2045995959,0.3427228378,0.4526775663
31.5000000000,58.5000000000,0.2075892178,0.3534774763,0.4389333059
31.5000000000,59.5000000000,0.2102656789,0.3535074665,0.4362268546
31.5000000000,60.5000000000,0.2071757490,0.3546104218,0.4382138292
31.5000000000,61.5000000000,0.2067873996,0.3515968972,0.4416157032
31.5000000000,62.5000000000,0.2109276705,0.3440999895,0.4449723400
31.5000000000,63.5000000000,0.2073413296,0.3461774174,0.4464812530
31.5000000000,64.5000000000,0.1965656219,0.3565559616,0.4468784166
31.5000000000,65.5000000000,0.1891850505,0.3686466890,0.4421682605
31.5000000000,66.5000000000,0.1838977931,0.3820236208,0.4340785862
31.5000000000,67.5000000000,0.1866665574,0.3823414956,0.4309919470
31.5000000000,68.5000000000,0.1787233561,0.4002196386,0.4210570053
31.5000000000,69.5000000000,0.1714615061,0.4158952090,0.4126432849
32.5000000000,37.5000000000,0.2759273815,0.1107665893,0.6133060293
32.5000000000,38.5000000000,0.2960636852,0.1232673437,0.5806689711
32.5000000000,39.5000000000,0.3359986110,0.1335067162,0.5304946728
32.5000000000,40.5000000000,0.3895766288,0.1318100630,0.4786133082
32.5000000000,41.5000000000,0.3301061925,0.1890911511,0.4808026564
32.5000000000,45.5000000000,0.2369871659,0.2852900724,0.4777227617
32.5000000000,46.5000000000,0.2286625535,0.2917628789,0.4795745676
32.5000000000,47.5000000000,0.2248354901,0.2899187000,0.4852458099
32.5000000000,48.5000000000,0.2207945796,0.2876424198,0.4915630006
32.5000000000,49.5000000000,0.2050637171,0.2955983982,0.4993378848
32.5000000000,50.5000000000,0.1887939537,0.2999308651,0.5112751811
32.5000000000,51.5000000000,0.1750653199,0.3060895199,0.5188451602
32.5000000000,52.5000000000,0.1709566723,0.3106434317,0.5183998960
32.5000000000,53.5000000000,0.1725438847,0.3165078918,0.5109482235
32.5000000000,54.5000000000,0.1788644641,0.3196039098,0.5015316261
32.5000000000,55.5000000000,0.1864025486,0.3222440093,0.4913534422
32.5000000000,56.5000000000,0.1966342144,0.3237850498,0.4795807358
32.5000000000,57.5000000000,0.2005021455,0.3335722387,0.4659256158
32.5000000000,58.5000000000,0.2013904345,0.3451517898,0.4534577758
32.5000000000,59.5000000000,0.2024783327,0.3507066235,0.4468150438
32.5000000000,60.5000000000,0.2012487736,0.3540361457,0.4447150807
32.5000000000,61.5000000000,0.2042924357,0.3515364671,0.4441710972
32.5000000000,62.5000000000,0.2068186741,0.3492747442,0.4439065817
32.5000000000,63.5000000000,0.2031681466,0.3537906701,0.4430411833
32.5000000000,64.5000000000,0.1946340598,0.3648985705,0.4404673697
32.5000000000,65.5000000000,0.1888358681,0.3753627193,0.4358014126
32.5000000000,66.5000000000,0.1820851344,0.3899447926,0.4279700730
32.5000000000,67.5000000000,0.1848922793,0.3890237380,0.4260839827
32.5000000000,68.5000000000,0.1814295688,0.3995606182,0.4190098130
32.5000000000,69.5000000000,0.1719398693,0.4175114767,0.4105486540
33.5000000000,37.5000000000,0.2441118531,0.1198488263,0.6360393205
33.5000000000,38.5000000000,0.2701402310,0.1330879498,0.5967718192
33.5000000000,39.5000000000,0.3154667171,0.1387190620,0.5458142209
33.5000000000,40.5000000000,0.3564536562,0.1424388323,0.5011075114
33.5000000000,41.5000000000,0.3603553977,0.1600731113,0.4795714911
33.5000000000,44.5000000000,0.2589491948,0.2658276406,0.4752231646
33.5000000000,45.5000000000,0.2417688318,0.2791457559,0.4790854122
33.5000000000,46.5000000000,0.2273425825,0.2883791720,0.4842782456
33.5000000000,47.5000000000,0.2177745952,0.2887593464,0.4934660584
33.5000000000,48.5000000000,0.2060718909,0.2876475477,0.5062805614
33.5000000000,49.5000000000,0.1851452395,0.2935830938,0.5212716667
33.5000000000,50.5000000000,0.1685093180,0.2929712245,0.5385194575
33.5000000000,51.5000000000,0.1551861206,0.2971183203,0.5476955592
33.5000000000,52.5000000000,0.1527504932,0.3036269892,0.5436225176
33.5000000000,53.5000000000,0.1585845351,0.3081070648,0.5333084001
33.5000000000,54.5000000000,0.1670847316,0.3129206321,0.5199946363
33.5000000000,55.5000000000,0.1772361054,0.3179574436,0.5048064511
33.5000000000,56.5000000000,0.1881950220,0.3220406585,0.4897643195
33.5000000000,57.5000000000,0.1957034138,0.3291724335,0.4751241527
33.5000000000,58.5000000000,0.1978907638,0.3385821834,0.4635270527
33.5000000000,59.5000000000,0.1981012875,0.3472877741,0.4546109384
33.5000000000,60.5000000000,0.1977604439,0.3527469149,0.4494926413
33.5000000000,61.5000000000,0.2021469506,0.3517374233,0.4461156261
33.5000000000,62.5000000000,0.2011658019,0.3552788340,0.4435553641
33.5000000000,63.5000000000,0.1972498386,0.3644513074,0.4382988540
33.5000000000,64.5000000000,0.1928231243,0.3725237468,0.4346531289
33.5000000000,65.5000000000,0.1870184605,0.3824918609,0.4304896786
33.5000000000,66.5000000000,0.1810348173,0.3949172297,0.4240479530
33.5000000000,67.5000000000,0.1895314703,0.3866602404,0.4238082893
33.5000000000,68.5000000000,0.1821728117,0.4027198152,0.4151073731
33.5000000000,69.5000000000,0.1689700785,0.4256141980,0.4054157235
34.5000000000,37.5000000000,0.2779081067,0.1151678614,0.6069240319
34.5000000000,38.5000000000,0.2935428846,0.1267585438,0.5796985716
34.5000000000,39.5000000000,0.3149782883,0.1420747771,0.5429469346
34.5000000000,40.5000000000,0.3324557951,0.1582880567,0.5092561482
34.5000000000,41.5000000000,0.3405784984,0.1735613391,0.4858601625
34.5000000000,42.5000000000,0.2767019011,0.2427385276,0.4805595713
34.5000000000,44.5000000000,0.2709365926,0.2567288744,0.4723345330
34.5000000000,45.5000000000,0.2469368834,0.2765188083,0.4765443083
34.5000000000,46.5000000000,0.2275279677,0.2870733678,0.4853986645
34.5000000000,47.5000000000,0.2129162142,0.2885449875,0.4985387983
34.5000000000,48.5000000000,0.1936262428,0.2898736589,0.5165000983
34.5000000000,49.5000000000,0.1702916024,0.2911518364,0.5385565611
34.5000000000,50.5000000000,0.1502771800,0.2886347626,0.5610880575
34.5000000000,51.5000000000,0.1365147303,0.2889439965,0.5745412731
34.5000000000,52.5000000000,0.1378538094,0.2959093551,0.5662368354
34.5000000000,53.5000000000,0.1457834674,0.3044375965,0.5497789361
34.5000000000,54.5000000000,0.1575012533,0.3098191438,0.5326796029
34.5000000000,55.5000000000,0.1681072030,0.3170622273,0.5148305698
34.5000000000,56.5000000000,0.1783111023,0.3242036341,0.4974852636
34.5000000000,57.5000000000,0.1865727284,0.3324806444,0.4809466272
34.5000000000,58.5000000000,0.1911132478,0.3394701082,0.4694166440
34.5000000000,59.5000000000,0.1965429449,0.3432983558,0.4601586993
34.5000000000,60.5000000000,0.1980433452,0.3505137542,0.4514429006
34.5000000000,61.5000000000,0.1960243607,0.3596209521,0.4443546872
34.5000000000,62.5000000000,0.1927748886,0.3657513445,0.4414737669
34.5000000000,63.5000000000,0.1930850833,0.3698005300,0.4371143867
34.5000000000,64.5000000000,0.1872298475,0.3825416541,0.4302284985
34.5000000000,65.5000000000,0.1824856450,0.3929672323,0.4245471227
34.5000000000,66.5000000000,0.1800006082,0.3992516895,0.4207477023
34.5000000000,67.5000000000,0.1892656466,0.3902311419,0.4205032115
34.5000000000,68.5000000000,0.1869650972,0.3990605702,0.4139743326
34.5000000000,69.5000000000,0.1713002956,0.4255125033,0.4031872011
35.5000000000,37.5000000000,0.2580440284,0.1508989345,0.5910570371
35.5000000000,38.5000000000,0.3133056060,0.1278951224,0.5587992716
35.5000000000,39.5000000000,0.3289635611,0.1407859611,0.5302504778
35.5000000000,40.5000000000,0.3317761822,0.1647865662,0.5034372516
35.5000000000,41.5000000000,0.3074334157,0.2045424654,0.4880241189
35.5000000000,44.5000000000,0.2634600086,0.2734621413,0.4630778502
35.5000000000,45.5000000000,0.2467355774,0.2842818627,0.4689825600
35.5000000000,46.5000000000,0.2279324998,0.2913473594,0.4807201407
35.5000000000,47.5000000000,0.2117962004,0.2899301963,0.4982736033
35.5000000000,48.5000000000,0.1897422330,0.2904066378,0.5198511292
35.5000000000,49.5000000000,0.1653221163,0.2892988703,0.5453790134
35.5000000000,50.5000000000,0.1408153357,0.2864429764,0.5727416879
35.5000000000,51.5000000000,0.1232222461,0.2837640207,0.5930137332
35.5000000000,52.5000000000,0.1292936672,0.2904637862,0.5802425467
35.5000000000,53.5000000000,0.1406267434,0.2997620599,0.5596111966
35.5000000000,54.5000000000,0.1515422108,0.3093219000,0.5391358892
35.5000000000,55.5000000000,0.1647402977,0.3145832044,0.5206764979
35.5000000000,56.5000000000,0.1709614694,0.3271343806,0.5019041500
35.5000000000,57.5000000000,0.1807164623,0.3347647537,0.4845187840
35.5000000000,58.5000000000,0.1864851671,0.3420393135,0.4714755194
35.5000000000,59.5000000000,0.1912107567,0.3463920477,0.4623971956
35.5000000000,60.5000000000,0.1957705311,0.3503217408,0.4539077281
35.5000000000,61.5000000000,0.1883967573,0.3683736835,0.4432295591
35.5000000000,62.5000000000,0.1890493710,0.3707309378,0.4402196911
35.5000000000,63.5000000000,0.1903372817,0.3741008269,0.4355618913
35.5000000000,64.5000000000,0.1821393124,0.3902607671,0.4275999205
35.5000000000,65.5000000000,0.1801644723,0.3993429557,0.4204925720
35.5000000000,66.5000000000,0.1801729260,0.4008798150,0.4189472590
35.5000000000,67.5000000000,0.1865404212,0.3954461307,0.4180134482
35.5000000000,68.5000000000,0.1848640917,0.4029140371,0.4122218712
35.5000000000,69.5000000000,0.1697657574,0.4296973055,0.4005369371
36.5000000000,37.5000000000,0.2830328678,0.1530538538,0.5639132785
36.5000000000,38.5000000000,0.3521834586,0.1198846993,0.5279318422
36.5000000000,39.5000000000,0.3543518187,0.1358842675,0.5097639138
36.5000000000,40.5000000000,0.3384214292,0.1692853021,0.4922932686
36.5000000000,41.5000000000,0.2857364882,0.2354562626,0.4788072492
36.5000000000,45.5000000000,0.2531794633,0.2907063030,0.4561142336
36.5000000000,46.5000000000,0.2328184599,0.2972962341,0.4698853060
36.5000000000,47.5000000000,0.2194477024,0.2903932654,0.4901590321
36.5000000000,48.5000000000,0.1929115771,0.2929786306,0.5141097923
36.5000000000,49.5000000000,0.1678368221,0.2918499437,0.5403132341
36.5000000000,50.5000000000,0.1465151086,0.2896434359,0.5638414555
36.5000000000,51.5000000000,0.1336018705,0.2870567868,0.5793413428
36.5000000000,52.5000000000,0.1347318270,0.2931018573,0.5721663157
36.5000000000,53.5000000000,0.1429887953,0.3010524435,0.5559587612
36.5000000000,54.5000000000,0.1521748478,0.3092019354,0.5386232168
36.5000000000,55.5000000000,0.1613043463,0.3176163623,0.5210792914
36.5000000000,56.5000000000,0.1687490732,0.3293487842,0.5019021426
36.5000000000,57.5000000000,0.1763033754,0.3377090675,0.4859875570
36.5000000000,58.5000000000,0.1825638744,0.3441762547,0.4732598709
36.5000000000,59.5000000000,0.1863558586,0.3512350445,0.4624090969
36.5000000000,60.5000000000,0.1909636860,0.3560854473,0.4529508667
36.5000000000,61.5000000000,0.1869880108,0.3683797152,0.4446322740
36.5000000000,62.5000000000,0.1907516014,0.3683520072,0.4408963914
36.5000000000,63.5000000000,0.1898662002,0.3762557809,0.4338780189
36.5000000000,64.5000000000,0.1818563981,0.3931606054,0.4249829965
36.5000000000,65.5000000000,0.1797877474,0.4023539731,0.4178582795
36.5000000000,66.5000000000,0.1818341962,0.4009041913,0.4172616125
36.5000000000,67.5000000000,0.1871859942,0.3973183389,0.4154956668
36.5000000000,68.5000000000,0.1850452385,0.4045345185,0.4104202429
36.5000000000,69.5000000000,0.1671732499,0.4345884807,0.3982382694
37.5000000000,37.5000000000,0.3043576544,0.1532514304,0.5423909152
37.5000000000,38.5000000000,0.3534258893,0.1308903990,0.5156837117
37.5000000000,39.5000000000,0.3738509759,0.1342262489,0.4919227752
37.5000000000,40.5000000000,0.3648104009,0.1601633094,0.4750262897
37.5000000000,41.5000000000,0.2854624537,0.2506234680,0.4639140783
37.5000000000,44.5000000000,0.2819508916,0.2885835320,0.4294655764
37.5000000000,45.5000000000,0.2607008756,0.3004136969,0.4388854274
37.5000000000,46.5000000000,0.2379970079,0.3069040305,0.4550989617
37.5000000000,47.5000000000,0.2247189603,0.2994586694,0.4758223702
37.5000000000,48.5000000000,0.2014926624,0.2991382610,0.4993690767
37.5000000000,49.5000000000,0.1762005353,0.2996843574,0.5241151072
37.5000000000,50.5000000000,0.1579383261,0.2971317685,0.5449299054
37.5000000000,51.5000000000,0.1467426384,0.2955709265,0.5576864351
37.5000000000,52.5000000000,0.1449462689,0.2987037343,0.5563499969
37.5000000000,53.5000000000,0.1515226975,0.3021823146,0.5462949878
37.5000000000,54.5000000000,0.1563230886,0.3104884446,0.5331884668
37.5000000000,55.5000000000,0.1620902777,0.3208305266,0.5170791957
37.5000000000,56.5000000000,0.1704856615,0.3305708420,0.4989434965
37.5000000000,57.5000000000,0.1765778113,0.3391705207,0.4842516679
37.5000000000,58.5000000000,0.1810928837,0.3467125116,0.4721946047
37.5000000000,59.5000000000,0.1858571635,0.3521629405,0.4619798959
37.5000000000,60.5000000000,0.1880789405,0.3591043032,0.4528167563
37.5000000000,61.5000000000,0.1924879629,0.3603583981,0.4471536390
37.5000000000,62.5000000000,0.1905128863,0.3690220258,0.4404650879
37.5000000000,63.5000000000,0.1872694493,0.3797491736,0.4329813771
37.5000000000,64.5000000000,0.1835586186,0.3913053098,0.4251360716
37.5000000000,65.5000000000,0.1796556278,0.4025037685,0.4178406037
37.5000000000,66.5000000000,0.1842682527,0.3997835532,0.4159481941
37.5000000000,67.5000000000,0.1865841459,0.3994551694,0.4139606846
37.5000000000,68.5000000000,0.1809376584,0.4116857461,0.4073765954
38.5000000000,37.5000000000,0.2903522104,0.1708612886,0.5387865010
38.5000000000,38.5000000000,0.3361244716,0.1484712219,0.5154043066
38.5000000000,39.5000000000,0.3845317656,0.1338509191,0.4816173153
38.5000000000,40.5000000000,0.3799725404,0.1579154206,0.4621120390
38.5000000000,44.5000000000,0.2985896725,0.2917459864,0.4096643411
38.5000000000,45.5000000000,0.2678124848,0.3098190639,0.4223684513
38.5000000000,46.5000000000,0.2453002258,0.3142721458,0.4404276283
38.5000000000,47.5000000000,0.2260046540,0.3125888887,0.4614064573
38.5000000000,48.5000000000,0.2101987120,0.3056172409,0.4841840470
38.5000000000,49.5000000000,0.1854158237,0.3087604076,0.5058237687
38.5000000000,50.5000000000,0.1700385487,0.3060483166,0.5239131348
38.5000000000,51.5000000000,0.1607377556,0.3043655463,0.5348966980
38.5000000000,52.5000000000,0.1564955687,0.3069024873,0.5366019440
38.5000000000,53.5000000000,0.1594199414,0.3104277204,0.5301523383
38.5000000000,54.5000000000,0.1627261408,0.3162223018,0.5210515574
38.5000000000,55.5000000000,0.1658620932,0.3260758422,0.5080620646
38.5000000000,56.5000000000,0.1732090850,0.3310211980,0.4957697170
38.5000000000,57.5000000000,0.1773971107,0.3386666485,0.4839362408
38.5000000000,58.5000000000,0.1809629032,0.3466798414,0.4723572554
38.5000000000,59.5000000000,0.1853411868,0.3531040202,0.4615547929
38.5000000000,60.5000000000,0.1879135924,0.3590464576,0.4530399500
38.5000000000,61.5000000000,0.1891191833,0.3642608032,0.4466200135
38.5000000000,62.5000000000,0.1900791190,0.3701473905,0.4397734905
38.5000000000,63.5000000000,0.1856367046,0.3835901927,0.4307731027
38.5000000000,64.5000000000,0.1847519469,0.3897583262,0.4254897269
38.5000000000,66.5000000000,0.1867757317,0.3977895026,0.4154347657
38.5000000000,67.5000000000,0.1881978172,0.3987223998,0.4130797829
38.5000000000,68.5000000000,0.1760809575,0.4214249617,0.4024940809
39.5000000000,37.5000000000,0.2951985229,0.1655074029,0.5392940742
39.5000000000,38.5000000000,0.3258857324,0.1552812258,0.5188330418
39.5000000000,39.5000000000,0.3997513951,0.1266780019,0.4735706030
39.5000000000,40.5000000000,0.4037230375,0.1468571405,0.4494198220
39.5000000000,41.5000000000,0.2979468957,0.2620969754,0.4399561289
39.5000000000,43.5000000000,0.3277140130,0.2853059461,0.3869800409
39.5000000000,44.5000000000,0.3239290139,0.2841489681,0.3919220180
39.5000000000,45.5000000000,0.2760014282,0.3146034561,0.4093951157
39.5000000000,46.5000000000,0.2503213860,0.3203759056,0.4293027083
39.5000000000,47.5000000000,0.2301496673,0.3203134762,0.4495368565
39.5000000000,48.5000000000,0.2126543162,0.3166406345,0.4707050494
39.5000000000,49.5000000000,0.1931364497,0.3161991079,0.4906644424
39.5000000000,50.5000000000,0.1787270192,0.3159328368,0.5053401440
39.5000000000,51.5000000000,0.1689384646,0.3170758706,0.5139856649
39.5000000000,52.5000000000,0.1658345755,0.3174733426,0.5166920819
39.5000000000,53.5000000000,0.1669659125,0.3184111741,0.5146229134
39.5000000000,54.5000000000,0.1676602978,0.3240436285,0.5082960737
39.5000000000,55.5000000000,0.1698078737,0.3317038140,0.4984883123
39.5000000000,56.5000000000,0.1761641020,0.3332356321,0.4906002659
39.5000000000,57.5000000000,0.1787799645,0.3411742768,0.4800457588
39.5000000000,58.5000000000,0.1838733517,0.3455951819,0.4705314664
39.5000000000,59.5000000000,0.1863004818,0.3521157813,0.4615837369
39.5000000000,60.5000000000,0.1887507803,0.3585985519,0.4526506678
39.5000000000,61.5000000000,0.1887194938,0.3657588210,0.4455216852
39.5000000000,62.5000000000,0.1874747286,0.3751862181,0.4373390533
39.5000000000,63.5000000000,0.1858531068,0.3845840196,0.4295628735
39.5000000000,64.5000000000,0.1829859188,0.3927135113,0.4243005699
39.5000000000,65.5000000000,0.1807085444,0.4045198923,0.4147715633
39.5000000000,66.5000000000,0.1873291009,0.3979065373,0.4147643618
39.5000000000,67.5000000000,0.1898358323,0.3978924862,0.4122716815
39.5000000000,68.5000000000,0.1745704984,0.4261750735,0.3992544281
40.5000000000,37.5000000000,0.2809485582,0.1650815124,0.5539699294
40.5000000000,38.5000000000,0.3189466354,0.1497869654,0.5312663992
40.5000000000,39.5000000000,0.3938739967,0.1229174840,0.4832085192
40.5000000000,40.5000000000,0.4132061931,0.1362720998,0.4505217071
40.5000000000,41.5000000000,0.2950360448,0.2641486440,0.4408153112
40.5000000000,43.5000000000,0.4255141305,0.2125441322,0.3619417372
40.5000000000,44.5000000000,0.3382967896,0.2790354055,0.3826678049
40.5000000000,45.5000000000,0.2791634937,0.3181346781,0.4027018282
40.5000000000,46.5000000000,0.2520179427,0.3251416998,0.4228403575
40.5000000000,47.5000000000,0.2295705007,0.3284000714,0.4420294279
40.5000000000,48.5000000000,0.2150015251,0.3241285235,0.4608699514
40.5000000000,49.5000000000,0.1996010955,0.3217163288,0.4786825757
40.5000000000,50.5000000000,0.1868994581,0.3235861190,0.4895144229
40.5000000000,51.5000000000,0.1790215834,0.3240473413,0.4969310753
40.5000000000,52.5000000000,0.1759085873,0.3234660909,0.5006253218
40.5000000000,53.5000000000,0.1742626512,0.3247670990,0.5009702498
40.5000000000,54.5000000000,0.1729915434,0.3311997545,0.4958087020
40.5000000000,55.5000000000,0.1754971514,0.3339791009,0.4905237477
40.5000000000,56.5000000000,0.1780483933,0.3381185881,0.4838330186
40.5000000000,57.5000000000,0.1814168381,0.3441551179,0.4744280441
40.5000000000,58.5000000000,0.1851953934,0.3466983959,0.4681062107
40.5000000000,59.5000000000,0.1861878068,0.3534847954,0.4603273979
40.5000000000,60.5000000000,0.1901416773,0.3568127607,0.4530455619
40.5000000000,61.5000000000,0.1912183002,0.3637435636,0.4450381362
40.5000000000,62.5000000000,0.1892815879,0.3735533340,0.4371650781
40.5000000000,63.5000000000,0.1873574095,0.3837947883,0.4288478023
40.5000000000,64.5000000000,0.1836220595,0.3940900276,0.4222879129
40.5000000000,65.5000000000,0.1853457453,0.3983503718,0.4163038829
40.5000000000,66.5000000000,0.1836111522,0.4041558843,0.4122329636
40.5000000000,67.5000000000,0.1851801274,0.4063062756,0.4085135970
41.5000000000,37.5000000000,0.2629226766,0.1556783117,0.5813990117
41.5000000000,38.5000000000,0.3122782446,0.1353050510,0.5524167043
41.5000000000,39.5000000000,0.3839796301,0.1144447618,0.5015756082
41.5000000000,40.5000000000,0.4101222767,0.1256502855,0.4642274379
41.5000000000,41.5000000000,0.3231314864,0.2225383638,0.4543301498
41.5000000000,42.5000000000,0.3079397343,0.2725685826,0.4194916831
41.5000000000,43.5000000000,0.4465228670,0.1779792653,0.3754978677
41.5000000000,44.5000000000,0.3259762471,0.2782507369,0.3957730159
41.5000000000,45.5000000000,0.2733416935,0.3177325382,0.4089257683
41.5000000000,46.5000000000,0.2439375174,0.3330094954,0.4230529872
41.5000000000,47.5000000000,0.2252927887,0.3368930436,0.4378141678
41.5000000000,48.5000000000,0.2147075503,0.3314418547,0.4538505950
41.5000000000,49.5000000000,0.2041148845,0.3279709645,0.4679141510
41.5000000000,50.5000000000,0.1952941207,0.3268387422,0.4778671371
41.5000000000,51.5000000000,0.1865680882,0.3292628787,0.4841690332
41.5000000000,52.5000000000,0.1850256539,0.3272174212,0.4877569249
41.5000000000,53.5000000000,0.1821969424,0.3287551252,0.4890479323
41.5000000000,54.5000000000,0.1800187206,0.3336343978,0.4863468816
41.5000000000,55.5000000000,0.1815090202,0.3360460402,0.4824449396
41.5000000000,56.5000000000,0.1821762941,0.3415135659,0.4763101400
41.5000000000,57.5000000000,0.1849658985,0.3440940125,0.4709400890
41.5000000000,58.5000000000,0.1866844535,0.3475750865,0.4657404600
41.5000000000,59.5000000000,0.1888771113,0.3524059291,0.4587169596
41.5000000000,60.5000000000,0.1916687404,0.3547068667,0.4536243929
41.5000000000,61.5000000000,0.1927938183,0.3616298048,0.4455763769
41.5000000000,62.5000000000,0.1910944100,0.3709093275,0.4379962625
41.5000000000,63.5000000000,0.1860472590,0.3867052341,0.4272475069
41.5000000000,64.5000000000,0.1866513078,0.3918087347,0.4215399574
41.5000000000,65.5000000000,0.1867239957,0.3974604000,0.4158156043
41.5000000000,66.5000000000,0.1802027091,0.4105561071,0.4092411838
41.5000000000,67.5000000000,0.1787445462,0.4177806885,0.4034747653
42.5000000000,37.5000000000,0.2596625809,0.1313410831,0.6089963360
42.5000000000,38.5000000000,0.3173330241,0.1079515817,0.5747153942
42.5000000000,39.5000000000,0.3385878563,0.1182037599,0.5432083837
42.5000000000,40.5000000000,0.3788133479,0.1228616972,0.4983249549
42.5000000000,41.5000000000,0.3849143319,0.1507727709,0.4643128973
42.5000000000,42.5000000000,0.3341804642,0.2173302115,0.4484893243
42.5000000000,43.5000000000,0.4421676144,0.1559220107,0.4019103748
42.5000000000,44.5000000000,0.2974899677,0.2808608027,0.4216492296
42.5000000000,45.5000000000,0.2571689089,0.3201745856,0.4226565056
42.5000000000,46.5000000000,0.2333248825,0.3387702480,0.4279048695
42.5000000000,47.5000000000,0.2194893506,0.3414954965,0.4390151528
42.5000000000,48.5000000000,0.2111977863,0.3375271422,0.4512750716
42.5000000000,49.5000000000,0.2047889127,0.3344195272,0.4607915601
42.5000000000,50.5000000000,0.1965156475,0.3336644543,0.4698198983
42.5000000000,51.5000000000,0.1916118345,0.3328190476,0.4755691179
42.5000000000,52.5000000000,0.1910922417,0.3286628332,0.4802449251
42.5000000000,53.5000000000,0.1891686536,0.3298507824,0.4809805640
42.5000000000,54.5000000000,0.1856762436,0.3337122937,0.4806114627
42.5000000000,55.5000000000,0.1854293877,0.3369677770,0.4776028353
42.5000000000,56.5000000000,0.1853153148,0.3415115536,0.4731731316
42.5000000000,57.5000000000,0.1874818660,0.3447091179,0.4678090161
42.5000000000,58.5000000000,0.1907649322,0.3445996355,0.4646354323
42.5000000000,59.5000000000,0.1916282993,0.3515267223,0.4568449785
42.5000000000,60.5000000000,0.1918486507,0.3565250542,0.4516262951
42.5000000000,61.5000000000,0.1895200672,0.3668014043,0.4436785285
42.5000000000,62.5000000000,0.1875293613,0.3754252728,0.4370453659
42.5000000000,63.5000000000,0.1887727204,0.3801677000,0.4310595795
42.5000000000,64.5000000000,0.1884471672,0.3883441694,0.4232086634
42.5000000000,65.5000000000,0.1888956119,0.3924785290,0.4186258590
42.5000000000,66.5000000000,0.1819895498,0.4080098733,0.4100005770
43.5000000000,37.5000000000,0.2709786577,0.0990053164,0.6300160259
43.5000000000,38.5000000000,0.2904531399,0.1003766629,0.6091701971
43.5000000000,39.5000000000,0.3203832078,0.1049396058,0.5746771864
43.5000000000,40.5000000000,0.3182177700,0.1325877554,0.5491944746
43.5000000000,41.5000000000,0.3550393370,0.1384199501,0.5065407129
43.5000000000,42.5000000000,0.3539758233,0.1685741409,0.4774500359
43.5000000000,43.5000000000,0.3197696854,0.2205211733,0.4597091412
43.5000000000,44.5000000000,0.2521393793,0.3032306856,0.4446299351
43.5000000000,45.5000000000,0.2339559933,0.3286943096,0.4373496971
43.5000000000,46.5000000000,0.2221443440,0.3411684764,0.4366871797
43.5000000000,47.5000000000,0.2129527951,0.3442018603,0.4428453446
43.5000000000,48.5000000000,0.2063589319,0.3427146509,0.4509264172
43.5000000000,49.5000000000,0.2035850281,0.3391680676,0.4572469043
43.5000000000,50.5000000000,0.1990840395,0.3362701575,0.4646458030
43.5000000000,51.5000000000,0.1966016542,0.3326253684,0.4707729774
43.5000000000,52.5000000000,0.1963022176,0.3291395627,0.4745582197
43.5000000000,53.5000000000,0.1956423254,0.3277735930,0.4765840816
43.5000000000,54.5000000000,0.1913301695,0.3310167877,0.4776530428
43.5000000000,55.5000000000,0.1903110820,0.3335503587,0.4761385593
43.5000000000,56.5000000000,0.1870201021,0.3416122089,0.4713676890
43.5000000000,57.5000000000,0.1887930788,0.3449442587,0.4662626626
43.5000000000,58.5000000000,0.1918146386,0.3455174473,0.4626679141
43.5000000000,59.5000000000,0.1941845430,0.3486805430,0.4571349140
43.5000000000,60.5000000000,0.1923846633,0.3567696157,0.4508457209
43.5000000000,61.5000000000,0.1943355172,0.3592032000,0.4464612828
43.5000000000,62.5000000000,0.1882174323,0.3731162541,0.4386663136
43.5000000000,63.5000000000,0.1932746982,0.3716406489,0.4350846529
43.5000000000,64.5000000000,0.1880931446,0.3864585976,0.4254482578
43.5000000000,65.5000000000,0.1858976294,0.3947108392,0.4193915313
43.5000000000,66.5000000000,0.1828992776,0.4052757623,0.4118249601
43.5000000000,67.5000000000,0.1814533043,0.4137999961,0.4047466996
43.5000000000,68.5000000000,0.1799560778,0.4198214458,0.4002224764
44.5000000000,37.5000000000,0.2306063576,0.0972423785,0.6721512640
44.5000000000,38.5000000000,0.2529195249,0.0993745506,0.6477059245
44.5000000000,39.5000000000,0.2471915279,0.1266136539,0.6261948182
44.5000000000,40.5000000000,0.2931105212,0.1238210414,0.5830684374
44.5000000000,41.5000000000,0.2664949548,0.1717490775,0.5617559677
44.5000000000,42.5000000000,0.3373153615,0.1543637254,0.5083209132
44.5000000000,43.5000000000,0.2408263259,0.2725771427,0.4865965315
44.5000000000,44.5000000000,0.2219171635,0.3161769551,0.4619058814
44.5000000000,45.5000000000,0.2108858142,0.3402163327,0.4488978531
44.5000000000,46.5000000000,0.2071537493,0.3488734423,0.4439728084
44.5000000000,47.5000000000,0.2042970585,0.3502660236,0.4454369179
44.5000000000,48.5000000000,0.2013938458,0.3482196418,0.4503865124
44.5000000000,49.5000000000,0.2017646259,0.3430215165,0.4552138576
44.5000000000,50.5000000000,0.2016328908,0.3358480066,0.4625191027
44.5000000000,51.5000000000,0.2006891174,0.3303555450,0.4689553376
44.5000000000,52.5000000000,0.2010147904,0.3261440421,0.4728411675
44.5000000000,53.5000000000,0.2001000470,0.3249677964,0.4749321566
44.5000000000,54.5000000000,0.1959799724,0.3281402334,0.4758797941
44.5000000000,55.5000000000,0.1923518156,0.3330543521,0.4745938323
44.5000000000,56.5000000000,0.1888597213,0.3408814969,0.4702587818
44.5000000000,57.5000000000,0.1917515753,0.3414682225,0.4667802022
44.5000000000,58.5000000000,0.1941174159,0.3451928777,0.4606897063
44.5000000000,59.5000000000,0.1968807376,0.3470859833,0.4560332791
44.5000000000,60.5000000000,0.1947990871,0.3534349494,0.4517659635
44.5000000000,61.5000000000,0.1944103921,0.3585368815,0.4470527265
44.5000000000,62.5000000000,0.1911891322,0.3671823136,0.4416285542
44.5000000000,63.5000000000,0.1922930316,0.3718681053,0.4358388632
44.5000000000,64.5000000000,0.1890975852,0.3836858520,0.4272165627
44.5000000000,65.5000000000,0.1868108181,0.3927363414,0.4204528404
44.5000000000,66.5000000000,0.1859144133,0.3990671582,0.4150184285
44.5000000000,67.5000000000,0.1832614317,0.4090879429,0.4076506254
44.5000000000,68.5000000000,0.1817564900,0.4131266309,0.4051168791
45.5000000000,37.5000000000,0.1704813977,0.1168397061,0.7126788961
45.5000000000,38.5000000000,0.1947388005,0.1211896594,0.6840715402
45.5000000000,39.5000000000,0.2418129108,0.1153828697,0.6428042194
45.5000000000,40.5000000000,0.2713061936,0.1243124079,0.6043813985
45.5000000000,41.5000000000,0.2211122164,0.1992182763,0.5796695072
45.5000000000,42.5000000000,0.3242131479,0.1509449688,0.5248418833
45.5000000000,43.5000000000,0.2172256598,0.2836983221,0.4990760181
45.5000000000,44.5000000000,0.2028941306,0.3272717551,0.4698341144
45.5000000000,45.5000000000,0.1927470318,0.3543626538,0.4528903144
45.5000000000,46.5000000000,0.1931726608,0.3591669000,0.4476604393
45.5000000000,47.5000000000,0.1947160925,0.3580399101,0.4472439974
45.5000000000,48.5000000000,0.1948263047,0.3547278612,0.4504458341
45.5000000000,49.5000000000,0.1966435537,0.3492068334,0.4541496128
45.5000000000,50.5000000000,0.2013051158,0.3370512885,0.4616435957
45.5000000000,51.5000000000,0.2024503594,0.3294849787,0.4680646619
45.5000000000,52.5000000000,0.2030268785,0.3250406372,0.4719324843
45.5000000000,53.5000000000,0.2008806039,0.3236241722,0.4754952238
45.5000000000,54.5000000000,0.1970117411,0.3270679632,0.4759202957
45.5000000000,55.5000000000,0.1938903276,0.3321218409,0.4739878315
45.5000000000,56.5000000000,0.1902944241,0.3390151048,0.4706904711
45.5000000000,57.5000000000,0.1925122820,0.3408503811,0.4666373370
45.5000000000,58.5000000000,0.1964541833,0.3420682946,0.4614775221
45.5000000000,59.5000000000,0.1989963350,0.3441693093,0.4568343557
45.5000000000,60.5000000000,0.1971498426,0.3514895577,0.4513605998
45.5000000000,61.5000000000,0.1955901814,0.3576105179,0.4467993007
45.5000000000,62.5000000000,0.1944286800,0.3622085744,0.4433627456
45.5000000000,63.5000000000,0.1939457854,0.3706308712,0.4354233434
45.5000000000,64.5000000000,0.1907308733,0.3813204202,0.4279487065
45.5000000000,65.5000000000,0.1886799274,0.3902755911,0.4210444815
45.5000000000,66.5000000000,0.1870698787,0.3966586617,0.4162714596
45.5000000000,67.5000000000,0.1841401850,0.4075787769,0.4082810382
45.5000000000,68.5000000000,0.1826403931,0.4102500173,0.4071095896
